distribution_date,ym,Y_n,p_hat_distilbert
2025-02-13,2025-02,0,0.5139231
2025-02-13,2025-02,0,0.5139231
2025-02-13,2025-02,1,0.5139231
2024-01-05,2024-01,0,0.3988161
2024-01-05,2024-01,0,0.3988161
2024-01-05,2024-01,0,0.3988161
2024-01-05,2024-01,1,0.3988161
2024-01-05,2024-01,0,0.3988161
2024-01-05,2024-01,0,0.3988161
2024-01-05,2024-01,0,0.3988161
2024-01-04,2024-01,0,0.55879354
2024-01-04,2024-01,0,0.55879354
2024-01-04,2024-01,0,0.55879354
2024-01-04,2024-01,0,0.55879354
2024-01-04,2024-01,0,0.55879354
2024-01-04,2024-01,0,0.46757483
2024-01-04,2024-01,0,0.46757483
2024-01-04,2024-01,0,0.46757483
2024-01-04,2024-01,0,0.46757483
2024-01-04,2024-01,0,0.46757483
2024-01-04,2024-01,0,0.46757483
2024-01-04,2024-01,0,0.46757483
2024-01-04,2024-01,0,0.4848431
2024-01-04,2024-01,0,0.4848431
2024-01-04,2024-01,0,0.4848431
2024-01-04,2024-01,1,0.4848431
2024-01-04,2024-01,1,0.4848431
2024-01-04,2024-01,0,0.4848431
2024-01-04,2024-01,0,0.4848431
2024-01-04,2024-01,0,0.28120816
2024-01-04,2024-01,0,0.28120816
2024-01-04,2024-01,0,0.28120816
2024-01-04,2024-01,0,0.28120816
2024-01-04,2024-01,0,0.28120816
2024-01-04,2024-01,0,0.28120816
2024-01-04,2024-01,0,0.28120816
2024-01-04,2024-01,0,0.28120816
2024-01-05,2024-01,0,0.50177765
2024-01-05,2024-01,0,0.50177765
2024-01-05,2024-01,0,0.50177765
2024-01-05,2024-01,0,0.50177765
2024-01-05,2024-01,0,0.50177765
2024-01-05,2024-01,0,0.50177765
2024-01-05,2024-01,0,0.50177765
2024-01-05,2024-01,0,0.43743291
2024-01-05,2024-01,0,0.43743291
2024-01-05,2024-01,0,0.43743291
2024-01-08,2024-01,0,0.367327
2024-01-08,2024-01,0,0.367327
2024-01-08,2024-01,0,0.367327
2024-01-08,2024-01,1,0.367327
2024-01-08,2024-01,0,0.367327
2024-01-08,2024-01,0,0.367327
2024-01-08,2024-01,0,0.367327
2024-01-11,2024-01,1,0.35650268
2024-01-11,2024-01,0,0.35650268
2024-01-11,2024-01,0,0.35650268
2024-01-11,2024-01,0,0.35650268
2024-01-11,2024-01,0,0.35650268
2024-01-15,2024-01,0,0.27149305
2024-01-15,2024-01,1,0.27149305
2024-01-15,2024-01,1,0.27149305
2024-01-15,2024-01,0,0.27149305
2024-01-15,2024-01,0,0.27149305
2024-01-15,2024-01,0,0.27149305
2024-01-15,2024-01,0,0.37419018
2024-01-15,2024-01,0,0.37419018
2024-01-15,2024-01,0,0.37419018
2024-01-15,2024-01,0,0.37419018
2024-01-15,2024-01,0,0.37419018
2024-01-15,2024-01,0,0.37419018
2024-01-15,2024-01,0,0.37419018
2024-01-15,2024-01,0,0.53304803
2024-01-15,2024-01,0,0.53304803
2024-01-15,2024-01,0,0.53304803
2024-01-15,2024-01,1,0.53304803
2024-01-15,2024-01,0,0.53304803
2024-01-15,2024-01,0,0.53304803
2024-01-15,2024-01,0,0.53304803
2024-01-17,2024-01,0,0.3584092
2024-01-17,2024-01,0,0.3584092
2024-01-17,2024-01,0,0.3584092
2024-01-17,2024-01,0,0.3584092
2024-01-17,2024-01,0,0.3584092
2024-08-22,2024-08,0,0.3188032
2024-08-22,2024-08,0,0.3188032
2024-08-22,2024-08,0,0.3188032
2024-08-22,2024-08,0,0.3188032
2024-08-22,2024-08,0,0.3188032
2024-08-22,2024-08,0,0.3188032
2024-08-22,2024-08,1,0.3188032
2024-08-22,2024-08,0,0.3188032
2024-01-18,2024-01,0,0.33448073
2024-01-18,2024-01,1,0.33448073
2024-01-18,2024-01,1,0.33448073
2024-01-18,2024-01,0,0.33448073
2024-01-18,2024-01,0,0.33448073
2024-01-18,2024-01,0,0.33448073
2024-01-18,2024-01,0,0.51449084
2024-01-18,2024-01,0,0.51449084
2024-01-18,2024-01,0,0.51449084
2024-01-18,2024-01,0,0.51449084
2024-01-18,2024-01,0,0.51449084
2024-01-18,2024-01,0,0.51449084
2024-01-18,2024-01,0,0.51449084
2024-01-22,2024-01,0,0.49625024
2024-01-22,2024-01,0,0.49625024
2024-01-22,2024-01,0,0.49625024
2024-01-26,2024-01,0,0.51443654
2024-01-26,2024-01,0,0.51443654
2024-01-26,2024-01,0,0.51443654
2024-01-30,2024-01,0,0.2695178
2024-01-30,2024-01,0,0.2695178
2024-01-30,2024-01,0,0.2695178
2024-01-30,2024-01,0,0.2695178
2024-01-30,2024-01,0,0.2695178
2024-01-30,2024-01,0,0.2695178
2024-01-30,2024-01,0,0.2695178
2024-01-30,2024-01,0,0.2695178
2024-01-31,2024-01,1,0.4375681
2024-01-31,2024-01,0,0.4375681
2024-01-31,2024-01,0,0.4375681
2024-01-31,2024-01,0,0.4375681
2024-01-31,2024-01,1,0.4375681
2024-01-31,2024-01,0,0.4375681
2024-01-31,2024-01,0,0.4375681
2024-01-31,2024-01,0,0.4375681
2024-01-31,2024-01,0,0.3299852
2024-01-31,2024-01,0,0.3299852
2024-01-31,2024-01,0,0.3299852
2024-01-31,2024-01,0,0.3299852
2024-01-31,2024-01,0,0.3299852
2024-01-31,2024-01,0,0.3299852
2024-01-31,2024-01,0,0.3299852
2024-01-31,2024-01,0,0.3299852
2024-02-02,2024-02,0,0.5454219
2024-02-02,2024-02,0,0.5454219
2024-02-02,2024-02,0,0.5454219
2024-02-02,2024-02,0,0.5454219
2024-02-02,2024-02,1,0.5454219
2024-02-02,2024-02,0,0.5454219
2024-02-02,2024-02,0,0.5454219
2024-02-02,2024-02,0,0.3090237
2024-02-02,2024-02,0,0.3090237
2024-02-02,2024-02,0,0.3090237
2024-02-02,2024-02,0,0.3090237
2024-02-02,2024-02,0,0.3090237
2024-02-02,2024-02,0,0.3090237
2024-02-02,2024-02,0,0.3090237
2024-02-02,2024-02,0,0.3090237
2024-02-05,2024-02,0,0.34609914
2024-02-05,2024-02,0,0.34609914
2024-02-05,2024-02,0,0.34609914
2024-02-05,2024-02,0,0.34609914
2024-02-05,2024-02,0,0.34609914
2024-02-05,2024-02,0,0.34609914
2024-02-05,2024-02,0,0.34609914
2024-02-05,2024-02,0,0.34609914
2024-02-06,2024-02,0,0.4076871
2024-02-06,2024-02,0,0.4076871
2024-02-06,2024-02,0,0.4076871
2024-02-07,2024-02,0,0.37733987
2024-02-07,2024-02,0,0.37733987
2024-02-07,2024-02,0,0.37733987
2024-02-07,2024-02,0,0.37733987
2024-02-07,2024-02,0,0.37733987
2024-02-07,2024-02,0,0.37733987
2024-02-07,2024-02,0,0.37733987
2024-02-07,2024-02,0,0.37733987
2024-02-09,2024-02,0,0.35972956
2024-02-09,2024-02,0,0.35972956
2024-02-09,2024-02,0,0.35972956
2024-02-09,2024-02,0,0.35972956
2024-02-09,2024-02,0,0.35972956
2024-02-09,2024-02,0,0.35972956
2024-02-09,2024-02,0,0.35972956
2024-02-09,2024-02,0,0.35972956
2024-02-09,2024-02,1,0.49726105
2024-02-09,2024-02,0,0.49726105
2024-02-09,2024-02,0,0.49726105
2024-02-09,2024-02,0,0.49726105
2024-02-09,2024-02,0,0.49726105
2024-02-09,2024-02,0,0.49726105
2024-02-09,2024-02,0,0.49726105
2024-02-12,2024-02,1,0.544476
2024-02-13,2024-02,0,0.37239107
2024-02-13,2024-02,0,0.37239107
2024-02-13,2024-02,0,0.37239107
2024-02-15,2024-02,0,0.49928284
2024-02-15,2024-02,0,0.49928284
2024-02-15,2024-02,0,0.49928284
2024-02-15,2024-02,0,0.49928284
2024-02-15,2024-02,1,0.49928284
2024-02-15,2024-02,0,0.49928284
2024-02-23,2024-02,0,0.283335
2024-02-23,2024-02,0,0.283335
2024-02-23,2024-02,0,0.283335
2024-02-23,2024-02,0,0.283335
2024-02-23,2024-02,0,0.283335
2024-02-23,2024-02,0,0.283335
2024-02-23,2024-02,0,0.283335
2024-02-23,2024-02,0,0.283335
2024-02-23,2024-02,0,0.22858672
2024-02-23,2024-02,0,0.22858672
2024-02-23,2024-02,0,0.22858672
2024-02-23,2024-02,1,0.22858672
2024-02-23,2024-02,0,0.22858672
2024-02-23,2024-02,0,0.22858672
2024-02-23,2024-02,0,0.22858672
2024-02-23,2024-02,0,0.29538235
2024-02-23,2024-02,0,0.29538235
2024-02-23,2024-02,0,0.29538235
2024-02-23,2024-02,0,0.29538235
2024-02-23,2024-02,0,0.29538235
2024-02-23,2024-02,0,0.29538235
2024-02-23,2024-02,0,0.29538235
2024-02-27,2024-02,0,0.27096224
2024-02-27,2024-02,0,0.27096224
2024-02-27,2024-02,0,0.27096224
2024-02-27,2024-02,0,0.27096224
2024-02-27,2024-02,0,0.27096224
2024-02-27,2024-02,0,0.27096224
2024-02-27,2024-02,0,0.27096224
2024-02-27,2024-02,0,0.27096224
2024-02-28,2024-02,1,0.36988392
2024-02-28,2024-02,0,0.36988392
2024-02-28,2024-02,0,0.36988392
2024-02-28,2024-02,0,0.36988392
2024-02-28,2024-02,0,0.36988392
2024-03-05,2024-03,0,0.3560827
2024-03-05,2024-03,0,0.3560827
2024-03-05,2024-03,0,0.3560827
2024-03-05,2024-03,0,0.3560827
2024-03-05,2024-03,0,0.3560827
2024-03-05,2024-03,0,0.3560827
2024-03-05,2024-03,0,0.3560827
2024-03-05,2024-03,0,0.3560827
2024-03-07,2024-03,0,0.44149992
2024-03-12,2024-03,0,0.5422801
2024-03-12,2024-03,0,0.5422801
2024-03-12,2024-03,0,0.5422801
2024-03-12,2024-03,0,0.5422801
2024-03-12,2024-03,0,0.5422801
2024-03-12,2024-03,0,0.5422801
2024-03-12,2024-03,1,0.48143885
2024-03-12,2024-03,0,0.48143885
2024-03-12,2024-03,0,0.48143885
2024-03-12,2024-03,0,0.48143885
2024-03-12,2024-03,0,0.48143885
2024-03-12,2024-03,0,0.3963018
2024-03-12,2024-03,0,0.3963018
2024-03-12,2024-03,0,0.3963018
2024-03-13,2024-03,0,0.4666709
2024-03-13,2024-03,0,0.4666709
2024-03-13,2024-03,0,0.4666709
2024-03-13,2024-03,0,0.4666709
2024-03-13,2024-03,0,0.4666709
2024-03-13,2024-03,0,0.4666709
2024-03-14,2024-03,1,0.5191557
2024-03-14,2024-03,0,0.5191557
2024-03-14,2024-03,0,0.5191557
2024-03-14,2024-03,0,0.5191557
2024-03-14,2024-03,0,0.5191557
2024-03-14,2024-03,0,0.5191557
2024-03-18,2024-03,0,0.39916736
2024-03-18,2024-03,0,0.39916736
2024-03-18,2024-03,0,0.39916736
2024-03-18,2024-03,1,0.39916736
2024-03-18,2024-03,0,0.39916736
2024-03-18,2024-03,0,0.39916736
2024-03-18,2024-03,0,0.39916736
2024-03-18,2024-03,0,0.44138706
2024-03-18,2024-03,0,0.44138706
2024-03-18,2024-03,0,0.44138706
2024-03-18,2024-03,0,0.44138706
2024-03-18,2024-03,0,0.44138706
2024-03-18,2024-03,0,0.44138706
2024-03-27,2024-03,0,0.41688567
2024-03-27,2024-03,0,0.41688567
2024-03-27,2024-03,0,0.41688567
2024-03-27,2024-03,0,0.41688567
2024-03-27,2024-03,0,0.41688567
2024-03-27,2024-03,0,0.41688567
2024-03-27,2024-03,0,0.41688567
2024-04-03,2024-04,0,0.47943893
2024-04-03,2024-04,0,0.47943893
2024-04-03,2024-04,0,0.47943893
2024-04-03,2024-04,1,0.47943893
2024-04-03,2024-04,0,0.47943893
2024-04-03,2024-04,0,0.47943893
2024-04-03,2024-04,0,0.47943893
2024-04-04,2024-04,0,0.5023804
2024-04-04,2024-04,0,0.5023804
2024-04-04,2024-04,0,0.5023804
2024-04-04,2024-04,0,0.5023804
2024-04-04,2024-04,0,0.5023804
2024-04-04,2024-04,0,0.5023804
2024-04-04,2024-04,0,0.5023804
2024-04-04,2024-04,0,0.4421698
2024-04-04,2024-04,0,0.4421698
2024-04-04,2024-04,0,0.4421698
2024-04-04,2024-04,0,0.4421698
2024-04-04,2024-04,0,0.4421698
2024-04-08,2024-04,0,0.4130036
2024-04-08,2024-04,0,0.4130036
2024-04-08,2024-04,0,0.4130036
2024-04-08,2024-04,0,0.44078517
2024-04-08,2024-04,0,0.44078517
2024-04-08,2024-04,0,0.44078517
2024-04-08,2024-04,0,0.44078517
2024-04-08,2024-04,0,0.44078517
2024-04-11,2024-04,0,0.4297434
2024-04-11,2024-04,0,0.4297434
2024-04-11,2024-04,0,0.4297434
2024-04-11,2024-04,0,0.4297434
2024-04-11,2024-04,0,0.4297434
2024-04-11,2024-04,0,0.4297434
2024-04-11,2024-04,0,0.4297434
2024-04-17,2024-04,0,0.41034272
2024-04-17,2024-04,0,0.41034272
2024-04-17,2024-04,0,0.41034272
2024-04-17,2024-04,0,0.41034272
2024-04-17,2024-04,0,0.41034272
2024-04-17,2024-04,0,0.41034272
2024-04-17,2024-04,0,0.41034272
2024-04-17,2024-04,0,0.41034272
2024-04-18,2024-04,0,0.40809983
2024-04-18,2024-04,0,0.40809983
2024-04-18,2024-04,0,0.40809983
2024-04-19,2024-04,0,0.37164956
2024-04-19,2024-04,0,0.37164956
2024-04-19,2024-04,1,0.37164956
2024-04-19,2024-04,0,0.37164956
2024-04-19,2024-04,1,0.37164956
2024-04-19,2024-04,0,0.37164956
2024-04-19,2024-04,0,0.37164956
2024-04-19,2024-04,1,0.37164956
2024-04-24,2024-04,0,0.46955824
2024-04-24,2024-04,0,0.46955824
2024-04-24,2024-04,0,0.46955824
2024-04-24,2024-04,0,0.46955824
2024-04-24,2024-04,0,0.46955824
2024-04-24,2024-04,0,0.38035607
2024-04-24,2024-04,0,0.38035607
2024-04-24,2024-04,0,0.38035607
2024-04-24,2024-04,0,0.38035607
2024-04-24,2024-04,0,0.38035607
2024-04-25,2024-04,0,0.48055676
2024-04-25,2024-04,1,0.48055676
2024-04-25,2024-04,0,0.48055676
2024-04-25,2024-04,0,0.48055676
2024-04-25,2024-04,1,0.48055676
2024-04-25,2024-04,0,0.48055676
2024-04-26,2024-04,0,0.51975745
2024-04-26,2024-04,0,0.51975745
2024-04-26,2024-04,0,0.51975745
2024-04-26,2024-04,1,0.51975745
2024-04-26,2024-04,0,0.51975745
2024-04-26,2024-04,0,0.51975745
2024-04-26,2024-04,0,0.51975745
2024-04-30,2024-04,0,0.32034272
2024-04-30,2024-04,0,0.32034272
2024-04-30,2024-04,1,0.32034272
2024-04-30,2024-04,0,0.32034272
2024-04-30,2024-04,1,0.32034272
2024-04-30,2024-04,0,0.32034272
2024-04-30,2024-04,0,0.32034272
2024-04-30,2024-04,1,0.32034272
2024-05-06,2024-05,0,0.36206648
2024-05-06,2024-05,0,0.36206648
2024-05-06,2024-05,0,0.36206648
2024-05-06,2024-05,0,0.36206648
2024-05-07,2024-05,0,0.21288587
2024-05-07,2024-05,0,0.21288587
2024-05-07,2024-05,0,0.21288587
2024-05-07,2024-05,1,0.21288587
2024-05-07,2024-05,0,0.21288587
2024-05-07,2024-05,0,0.21288587
2024-05-07,2024-05,0,0.21288587
2024-05-08,2024-05,0,0.41445443
2024-05-08,2024-05,1,0.41445443
2024-05-08,2024-05,0,0.41445443
2024-05-08,2024-05,0,0.41445443
2024-05-08,2024-05,1,0.41445443
2024-05-08,2024-05,0,0.41445443
2024-05-13,2024-05,0,0.45810625
2024-05-13,2024-05,1,0.45810625
2024-05-14,2024-05,0,0.23318209
2024-05-14,2024-05,0,0.23318209
2024-05-14,2024-05,0,0.23318209
2024-05-14,2024-05,0,0.23318209
2024-05-14,2024-05,0,0.23318209
2024-05-14,2024-05,0,0.23318209
2024-05-14,2024-05,0,0.23318209
2024-05-14,2024-05,0,0.23318209
2024-05-23,2024-05,0,0.4260977
2024-05-23,2024-05,0,0.4260977
2024-05-29,2024-05,0,0.38893712
2024-05-29,2024-05,0,0.38893712
2024-05-29,2024-05,0,0.38893712
2024-05-29,2024-05,0,0.38893712
2024-05-29,2024-05,0,0.38893712
2024-05-29,2024-05,0,0.38893712
2024-05-29,2024-05,0,0.38893712
2024-05-29,2024-05,0,0.38893712
2024-06-14,2024-06,0,0.49748233
2024-06-14,2024-06,0,0.49748233
2024-06-14,2024-06,0,0.49748233
2024-06-14,2024-06,0,0.49748233
2024-06-14,2024-06,0,0.49748233
2024-06-14,2024-06,0,0.49748233
2024-06-14,2024-06,0,0.49748233
2024-06-18,2024-06,0,0.48141578
2024-06-18,2024-06,0,0.48141578
2024-06-18,2024-06,0,0.48141578
2024-06-18,2024-06,0,0.48141578
2024-06-18,2024-06,0,0.48141578
2024-06-18,2024-06,0,0.48141578
2024-06-18,2024-06,0,0.48141578
2024-06-25,2024-06,0,0.46834987
2024-06-25,2024-06,0,0.46834987
2024-06-25,2024-06,0,0.46834987
2024-06-27,2024-06,0,0.4488792
2024-06-27,2024-06,0,0.4488792
2024-06-27,2024-06,0,0.4488792
2024-06-28,2024-06,0,0.44509235
2024-06-28,2024-06,0,0.44509235
2024-06-28,2024-06,0,0.44509235
2024-06-28,2024-06,0,0.44509235
2024-06-28,2024-06,0,0.44509235
2024-06-28,2024-06,0,0.44509235
2024-06-28,2024-06,0,0.44509235
2024-07-01,2024-07,0,0.3208745
2024-07-01,2024-07,0,0.3208745
2024-07-01,2024-07,0,0.3208745
2024-07-01,2024-07,0,0.3208745
2024-07-01,2024-07,0,0.3208745
2024-07-01,2024-07,0,0.3208745
2024-07-01,2024-07,0,0.3208745
2024-07-01,2024-07,0,0.3208745
2024-07-01,2024-07,0,0.3063195
2024-07-01,2024-07,0,0.3063195
2024-07-01,2024-07,0,0.3063195
2024-07-01,2024-07,0,0.3063195
2024-07-01,2024-07,0,0.3063195
2024-07-01,2024-07,0,0.3063195
2024-07-01,2024-07,0,0.3063195
2024-07-02,2024-07,0,0.343617
2024-07-02,2024-07,0,0.343617
2024-07-02,2024-07,0,0.343617
2024-07-02,2024-07,0,0.343617
2024-07-02,2024-07,1,0.343617
2024-07-02,2024-07,0,0.343617
2024-07-02,2024-07,0,0.343617
2024-07-02,2024-07,0,0.343617
2024-07-02,2024-07,0,0.343617
2024-07-02,2024-07,0,0.343617
2024-07-02,2024-07,1,0.343617
2024-07-02,2024-07,0,0.343617
2024-07-02,2024-07,0,0.343617
2024-07-02,2024-07,0,0.343617
2024-07-02,2024-07,0,0.343617
2024-07-02,2024-07,0,0.4578487
2024-07-02,2024-07,0,0.4578487
2024-07-02,2024-07,0,0.4578487
2024-07-02,2024-07,0,0.4578487
2024-07-02,2024-07,0,0.4578487
2024-07-02,2024-07,0,0.4578487
2024-07-02,2024-07,0,0.4578487
2024-07-08,2024-07,0,0.2622746
2024-07-08,2024-07,0,0.2622746
2024-07-08,2024-07,0,0.2622746
2024-07-08,2024-07,1,0.2622746
2024-07-08,2024-07,0,0.2622746
2024-07-08,2024-07,0,0.2622746
2024-07-08,2024-07,0,0.2622746
2024-07-08,2024-07,0,0.2622746
2024-07-10,2024-07,0,0.41279644
2024-07-10,2024-07,0,0.41279644
2024-07-10,2024-07,0,0.41279644
2024-07-10,2024-07,0,0.38867602
2024-07-10,2024-07,0,0.38867602
2024-07-10,2024-07,0,0.38867602
2024-07-10,2024-07,1,0.4151656
2024-07-10,2024-07,1,0.4151656
2024-07-10,2024-07,1,0.4151656
2024-07-10,2024-07,1,0.3619819
2024-07-10,2024-07,0,0.3619819
2024-07-10,2024-07,0,0.3619819
2024-07-10,2024-07,0,0.3619819
2024-07-10,2024-07,0,0.3619819
2024-07-10,2024-07,0,0.3619819
2024-07-10,2024-07,0,0.3619819
2024-07-16,2024-07,1,0.36489072
2024-07-16,2024-07,0,0.36489072
2024-07-16,2024-07,0,0.36489072
2024-07-16,2024-07,0,0.36489072
2024-07-16,2024-07,0,0.36489072
2024-07-16,2024-07,0,0.36489072
2024-07-16,2024-07,0,0.36489072
2024-07-17,2024-07,1,0.34086904
2024-07-17,2024-07,0,0.34086904
2024-07-17,2024-07,0,0.34086904
2024-07-17,2024-07,0,0.34086904
2024-07-17,2024-07,0,0.34086904
2024-07-17,2024-07,0,0.34086904
2024-07-17,2024-07,0,0.34086904
2024-07-24,2024-07,0,0.39934304
2024-07-24,2024-07,0,0.39934304
2024-07-24,2024-07,0,0.39934304
2024-07-31,2024-07,0,0.58604914
2024-07-31,2024-07,0,0.58604914
2024-07-31,2024-07,0,0.58604914
2024-07-31,2024-07,1,0.58604914
2024-07-31,2024-07,0,0.58604914
2024-07-31,2024-07,0,0.58604914
2024-08-01,2024-08,0,0.5335949
2024-08-01,2024-08,1,0.5335949
2024-08-01,2024-08,0,0.5335949
2024-08-07,2024-08,0,0.5226933
2024-08-07,2024-08,0,0.5226933
2024-08-07,2024-08,0,0.5226933
2024-08-07,2024-08,0,0.5226933
2024-08-07,2024-08,0,0.5226933
2024-08-07,2024-08,0,0.5226933
2024-08-07,2024-08,0,0.5226933
2024-08-07,2024-08,0,0.5226933
2024-08-09,2024-08,0,0.49214807
2024-08-09,2024-08,0,0.49214807
2024-08-09,2024-08,1,0.49214807
2024-08-09,2024-08,0,0.49214807
2024-08-09,2024-08,0,0.49214807
2024-08-13,2024-08,0,0.5832776
2024-08-13,2024-08,0,0.5832776
2024-08-13,2024-08,0,0.5832776
2024-08-13,2024-08,0,0.5832776
2024-08-13,2024-08,0,0.5832776
2024-08-13,2024-08,0,0.5832776
2024-08-14,2024-08,1,0.4664184
2024-08-14,2024-08,0,0.4664184
2024-08-14,2024-08,0,0.4664184
2024-08-14,2024-08,0,0.4664184
2024-08-14,2024-08,1,0.4664184
2024-08-14,2024-08,1,0.4664184
2024-08-14,2024-08,0,0.4664184
2024-08-14,2024-08,0,0.4664184
2024-08-15,2024-08,0,0.40556642
2024-08-15,2024-08,1,0.40556642
2024-08-15,2024-08,0,0.40556642
2024-08-19,2024-08,1,0.38444984
2024-08-19,2024-08,0,0.38444984
2024-08-19,2024-08,0,0.38444984
2024-08-19,2024-08,0,0.38444984
2024-08-21,2024-08,0,0.41943988
2024-08-21,2024-08,0,0.41943988
2024-08-21,2024-08,0,0.41943988
2024-08-21,2024-08,0,0.41943988
2024-08-21,2024-08,0,0.41943988
2024-08-21,2024-08,0,0.41943988
2024-08-21,2024-08,0,0.41943988
2024-08-21,2024-08,0,0.41943988
2024-08-29,2024-08,0,0.5492478
2024-08-29,2024-08,0,0.5492478
2024-08-29,2024-08,1,0.5492478
2024-08-29,2024-08,1,0.5492478
2024-08-29,2024-08,0,0.5492478
2024-08-30,2024-08,0,0.56739736
2024-08-30,2024-08,0,0.56739736
2024-08-30,2024-08,0,0.56739736
2024-08-30,2024-08,0,0.56739736
2024-08-30,2024-08,0,0.56739736
2024-08-30,2024-08,0,0.56739736
2024-08-30,2024-08,0,0.56739736
2024-08-30,2024-08,0,0.37978086
2024-08-30,2024-08,0,0.37978086
2024-08-30,2024-08,0,0.37978086
2024-08-30,2024-08,1,0.37978086
2024-08-30,2024-08,0,0.37978086
2024-08-30,2024-08,0,0.37978086
2024-08-30,2024-08,0,0.37978086
2024-08-30,2024-08,0,0.37978086
2024-09-09,2024-09,0,0.30871102
2024-09-09,2024-09,0,0.30871102
2024-09-09,2024-09,0,0.30871102
2024-09-09,2024-09,0,0.30871102
2024-09-09,2024-09,1,0.30871102
2024-09-09,2024-09,1,0.30871102
2024-09-09,2024-09,0,0.5278994
2024-09-09,2024-09,0,0.5278994
2024-09-09,2024-09,0,0.5278994
2024-09-09,2024-09,0,0.5278994
2024-09-09,2024-09,0,0.5278994
2024-09-09,2024-09,0,0.5278994
2024-09-09,2024-09,0,0.5278994
2024-09-10,2024-09,0,0.28022227
2024-09-10,2024-09,0,0.28022227
2024-09-10,2024-09,0,0.28022227
2024-09-10,2024-09,0,0.28022227
2024-09-10,2024-09,0,0.28022227
2024-09-10,2024-09,0,0.28022227
2024-09-10,2024-09,0,0.28022227
2024-09-10,2024-09,0,0.28022227
2024-09-10,2024-09,1,0.43137458
2024-09-10,2024-09,0,0.43137458
2024-09-10,2024-09,0,0.43137458
2024-09-10,2024-09,0,0.43137458
2024-09-10,2024-09,0,0.43137458
2024-09-10,2024-09,1,0.43137458
2024-09-10,2024-09,0,0.43137458
2024-09-10,2024-09,1,0.43137458
2024-09-11,2024-09,0,0.42614248
2024-09-11,2024-09,0,0.42614248
2024-09-11,2024-09,0,0.42614248
2024-09-11,2024-09,0,0.42614248
2024-09-11,2024-09,0,0.42614248
2024-09-11,2024-09,0,0.42614248
2024-09-11,2024-09,0,0.42614248
2024-09-12,2024-09,0,0.34737104
2024-09-12,2024-09,0,0.34737104
2024-09-12,2024-09,0,0.34737104
2024-09-12,2024-09,0,0.34737104
2024-09-12,2024-09,0,0.34737104
2024-09-16,2024-09,0,0.40951598
2024-09-16,2024-09,1,0.40951598
2024-09-16,2024-09,0,0.40951598
2024-09-20,2024-09,1,0.35119984
2024-09-20,2024-09,1,0.35119984
2024-09-20,2024-09,0,0.35119984
2024-09-20,2024-09,0,0.35119984
2024-09-20,2024-09,0,0.35119984
2024-09-20,2024-09,0,0.35119984
2024-09-20,2024-09,0,0.35119984
2024-09-23,2024-09,0,0.44473055
2024-09-23,2024-09,0,0.44473055
2024-09-23,2024-09,0,0.44473055
2024-09-23,2024-09,0,0.44473055
2024-09-23,2024-09,0,0.44473055
2024-09-23,2024-09,0,0.44473055
2024-09-23,2024-09,0,0.44473055
2024-09-25,2024-09,1,0.5839746
2024-09-25,2024-09,1,0.5839746
2024-09-25,2024-09,0,0.5839746
2024-09-25,2024-09,0,0.5839746
2024-09-25,2024-09,0,0.5839746
2024-09-25,2024-09,0,0.38202617
2024-09-25,2024-09,0,0.38202617
2024-09-25,2024-09,0,0.38202617
2024-09-25,2024-09,0,0.38202617
2024-09-25,2024-09,0,0.38202617
2024-10-07,2024-10,0,0.3774833
2024-10-09,2024-10,0,0.30430004
2024-10-09,2024-10,0,0.30430004
2024-10-09,2024-10,1,0.30430004
2024-10-09,2024-10,0,0.30430004
2024-10-09,2024-10,0,0.30430004
2024-10-09,2024-10,0,0.30430004
2024-10-09,2024-10,0,0.30430004
2024-10-17,2024-10,0,0.38885006
2024-10-17,2024-10,0,0.38885006
2024-10-17,2024-10,0,0.38885006
2024-10-17,2024-10,0,0.38885006
2024-10-17,2024-10,1,0.38885006
2024-10-17,2024-10,0,0.38885006
2024-10-17,2024-10,0,0.38885006
2024-10-22,2024-10,0,0.5767506
2024-10-22,2024-10,0,0.5767506
2024-10-22,2024-10,0,0.5767506
2024-10-22,2024-10,0,0.5767506
2024-10-22,2024-10,0,0.5767506
2024-10-22,2024-10,0,0.5767506
2024-10-28,2024-10,0,0.5560983
2024-10-28,2024-10,0,0.5560983
2024-10-28,2024-10,0,0.5560983
2024-10-28,2024-10,0,0.5560983
2024-10-28,2024-10,0,0.5560983
2024-10-28,2024-10,0,0.5560983
2024-10-28,2024-10,0,0.5560983
2024-10-28,2024-10,0,0.5560983
2024-10-29,2024-10,0,0.31163633
2024-10-29,2024-10,0,0.31163633
2024-10-29,2024-10,0,0.31163633
2024-10-29,2024-10,0,0.54565644
2024-10-29,2024-10,1,0.54565644
2024-10-29,2024-10,0,0.54565644
2024-10-30,2024-10,0,0.2574849
2024-10-30,2024-10,0,0.2574849
2024-10-30,2024-10,0,0.2574849
2024-10-30,2024-10,0,0.2574849
2024-10-30,2024-10,0,0.2574849
2024-10-30,2024-10,0,0.2574849
2024-10-30,2024-10,0,0.2574849
2024-10-30,2024-10,0,0.2574849
2024-11-01,2024-11,1,0.43979245
2024-11-01,2024-11,0,0.43979245
2024-11-01,2024-11,0,0.43979245
2024-11-01,2024-11,0,0.43979245
2024-11-01,2024-11,0,0.43979245
2024-11-01,2024-11,0,0.43979245
2024-11-06,2024-11,1,0.4268292
2024-11-06,2024-11,0,0.4268292
2024-11-06,2024-11,0,0.4268292
2024-11-06,2024-11,0,0.4268292
2024-11-06,2024-11,0,0.4268292
2024-11-06,2024-11,0,0.4268292
2024-11-11,2024-11,1,0.5571376
2024-11-11,2024-11,0,0.5571376
2024-11-11,2024-11,0,0.5571376
2024-11-11,2024-11,0,0.5571376
2024-11-11,2024-11,0,0.5571376
2024-11-11,2024-11,0,0.5571376
2024-11-19,2024-11,0,0.55784535
2024-11-19,2024-11,0,0.55784535
2024-11-19,2024-11,1,0.55784535
2024-11-19,2024-11,0,0.55784535
2024-11-19,2024-11,0,0.55784535
2024-11-20,2024-11,1,0.43668208
2024-11-20,2024-11,0,0.43668208
2024-11-20,2024-11,1,0.43668208
2024-11-20,2024-11,0,0.43668208
2024-11-20,2024-11,0,0.43668208
2024-11-20,2024-11,0,0.43668208
2024-11-20,2024-11,0,0.44833568
2024-11-20,2024-11,1,0.44833568
2024-11-20,2024-11,0,0.44833568
2024-11-21,2024-11,0,0.39452168
2024-11-21,2024-11,0,0.39452168
2024-11-21,2024-11,1,0.39452168
2024-11-21,2024-11,0,0.39452168
2024-11-21,2024-11,0,0.39452168
2024-11-22,2024-11,0,0.24935585
2024-11-26,2024-11,0,0.2243952
2024-11-26,2024-11,0,0.2243952
2024-11-26,2024-11,0,0.2243952
2024-11-26,2024-11,0,0.2243952
2024-11-26,2024-11,0,0.2243952
2024-11-26,2024-11,0,0.2243952
2024-11-26,2024-11,0,0.2243952
2024-11-26,2024-11,0,0.2243952
2024-12-02,2024-12,0,0.4176574
2024-12-02,2024-12,0,0.4176574
2024-12-02,2024-12,0,0.4176574
2024-12-02,2024-12,0,0.4176574
2024-12-02,2024-12,0,0.4176574
2024-12-02,2024-12,0,0.4176574
2024-12-02,2024-12,0,0.4176574
2024-12-02,2024-12,1,0.4176574
2024-12-05,2024-12,1,0.37176368
2024-12-05,2024-12,1,0.37176368
2024-12-05,2024-12,0,0.37176368
2024-12-05,2024-12,0,0.37176368
2024-12-05,2024-12,0,0.37176368
2024-12-05,2024-12,0,0.37176368
2024-12-05,2024-12,0,0.37176368
2024-12-05,2024-12,0,0.5757669
2024-12-05,2024-12,1,0.5757669
2024-12-05,2024-12,0,0.5757669
2024-12-05,2024-12,0,0.5757669
2024-12-05,2024-12,0,0.5757669
2024-12-10,2024-12,1,0.3641555
2024-12-10,2024-12,0,0.3641555
2024-12-10,2024-12,0,0.3641555
2024-12-10,2024-12,0,0.3641555
2024-12-10,2024-12,1,0.3641555
2024-12-10,2024-12,0,0.3641555
2024-12-10,2024-12,0,0.3641555
2024-12-10,2024-12,0,0.3641555
2024-12-13,2024-12,1,0.40992925
2024-12-13,2024-12,1,0.40992925
2024-12-13,2024-12,0,0.40992925
2024-12-13,2024-12,0,0.40992925
2024-12-13,2024-12,0,0.40992925
2024-12-13,2024-12,0,0.40992925
2024-12-13,2024-12,0,0.40992925
2024-12-16,2024-12,0,0.43970227
2024-12-16,2024-12,0,0.43970227
2024-12-16,2024-12,0,0.43970227
2024-12-16,2024-12,0,0.43970227
2024-12-16,2024-12,0,0.43970227
2024-12-17,2024-12,1,0.49189448
2024-12-17,2024-12,0,0.49189448
2024-12-17,2024-12,0,0.49189448
2024-12-17,2024-12,0,0.49189448
2024-12-17,2024-12,0,0.49189448
2024-12-17,2024-12,0,0.49189448
2024-12-18,2024-12,0,0.46691775
2024-12-18,2024-12,0,0.46691775
2024-12-18,2024-12,0,0.46691775
2024-12-18,2024-12,0,0.46691775
2024-12-18,2024-12,0,0.46691775
2024-12-18,2024-12,0,0.46691775
2024-12-18,2024-12,0,0.46691775
2024-01-05,2024-01,0,0.45144743
2024-01-05,2024-01,0,0.45144743
2024-01-05,2024-01,0,0.45144743
2024-01-05,2024-01,0,0.45144743
2024-01-05,2024-01,0,0.45144743
2024-01-05,2024-01,0,0.45144743
2024-01-05,2024-01,0,0.45144743
2024-01-05,2024-01,0,0.45144743
2024-01-11,2024-01,0,0.30772194
2024-01-11,2024-01,0,0.30772194
2024-01-11,2024-01,0,0.30772194
2024-01-11,2024-01,0,0.30772194
2024-01-11,2024-01,0,0.30772194
2024-01-11,2024-01,0,0.30772194
2024-01-11,2024-01,0,0.30772194
2024-01-11,2024-01,0,0.30772194
2024-01-22,2024-01,0,0.5411361
2024-01-22,2024-01,0,0.5411361
2024-01-22,2024-01,0,0.5411361
2024-01-22,2024-01,0,0.5411361
2024-01-22,2024-01,0,0.5411361
2024-01-22,2024-01,0,0.5411361
2024-01-22,2024-01,0,0.5411361
2024-01-30,2024-01,0,0.43215322
2024-01-30,2024-01,1,0.43215322
2024-01-30,2024-01,0,0.43215322
2024-02-05,2024-02,0,0.38911122
2024-02-05,2024-02,1,0.38911122
2024-02-05,2024-02,1,0.38911122
2024-02-05,2024-02,0,0.38911122
2024-02-05,2024-02,0,0.38911122
2024-02-05,2024-02,0,0.38911122
2024-02-05,2024-02,0,0.38911122
2024-02-05,2024-02,0,0.3736758
2024-02-05,2024-02,0,0.3736758
2024-02-05,2024-02,0,0.3736758
2024-02-05,2024-02,0,0.3736758
2024-02-05,2024-02,1,0.3736758
2024-02-05,2024-02,0,0.3736758
2024-02-05,2024-02,0,0.3736758
2024-02-05,2024-02,0,0.3736758
2024-02-16,2024-02,0,0.5768251
2024-02-16,2024-02,0,0.5768251
2024-02-16,2024-02,0,0.5768251
2024-02-16,2024-02,0,0.5768251
2024-02-16,2024-02,1,0.5768251
2024-02-16,2024-02,0,0.5768251
2024-02-19,2024-02,1,0.5636632
2024-02-19,2024-02,1,0.5636632
2024-02-19,2024-02,0,0.5636632
2024-02-19,2024-02,1,0.5636632
2024-02-19,2024-02,0,0.5636632
2024-02-22,2024-02,0,0.47510305
2024-02-22,2024-02,0,0.47510305
2024-02-22,2024-02,0,0.47510305
2024-03-04,2024-03,0,0.35793215
2024-03-04,2024-03,1,0.35793215
2024-03-04,2024-03,0,0.35793215
2024-03-04,2024-03,0,0.35793215
2024-03-04,2024-03,1,0.35793215
2024-03-04,2024-03,0,0.35793215
2024-03-04,2024-03,0,0.35793215
2024-03-04,2024-03,0,0.35793215
2024-03-05,2024-03,0,0.34565726
2024-03-05,2024-03,0,0.34565726
2024-03-05,2024-03,0,0.34565726
2024-03-05,2024-03,1,0.34565726
2024-03-05,2024-03,0,0.34565726
2024-03-05,2024-03,0,0.34565726
2024-03-05,2024-03,0,0.34565726
2024-03-05,2024-03,0,0.44838098
2024-03-05,2024-03,1,0.44838098
2024-03-05,2024-03,0,0.44838098
2024-03-05,2024-03,1,0.44838098
2024-03-05,2024-03,0,0.44838098
2024-03-05,2024-03,0,0.44838098
2024-03-13,2024-03,0,0.5398324
2024-03-13,2024-03,0,0.5398324
2024-03-13,2024-03,0,0.5398324
2024-03-13,2024-03,0,0.5398324
2024-03-13,2024-03,0,0.5398324
2024-03-13,2024-03,0,0.5398324
2024-03-18,2024-03,0,0.40653795
2024-03-18,2024-03,0,0.40653795
2024-03-18,2024-03,0,0.40653795
2024-03-18,2024-03,0,0.40653795
2024-03-18,2024-03,0,0.40653795
2024-03-18,2024-03,0,0.40653795
2024-03-18,2024-03,0,0.51845855
2024-03-18,2024-03,0,0.51845855
2024-03-18,2024-03,0,0.51845855
2024-03-18,2024-03,0,0.51845855
2024-03-18,2024-03,0,0.51845855
2024-03-18,2024-03,0,0.51845855
2024-03-18,2024-03,0,0.4805758
2024-03-18,2024-03,0,0.4805758
2024-03-18,2024-03,0,0.4805758
2024-03-18,2024-03,0,0.4805758
2024-03-18,2024-03,0,0.4805758
2024-03-18,2024-03,0,0.4805758
2024-03-18,2024-03,0,0.4805758
2024-03-18,2024-03,0,0.47654158
2024-03-18,2024-03,0,0.47654158
2024-03-18,2024-03,0,0.47654158
2024-03-18,2024-03,0,0.47654158
2024-03-18,2024-03,0,0.47654158
2024-03-18,2024-03,0,0.47654158
2024-03-20,2024-03,1,0.55267555
2024-03-20,2024-03,0,0.55267555
2024-03-20,2024-03,0,0.55267555
2024-03-20,2024-03,0,0.55267555
2024-03-20,2024-03,0,0.55267555
2024-03-20,2024-03,0,0.55267555
2024-03-20,2024-03,0,0.55267555
2024-04-02,2024-04,0,0.46116844
2024-04-02,2024-04,0,0.46116844
2024-04-02,2024-04,0,0.46116844
2024-04-02,2024-04,1,0.46116844
2024-04-02,2024-04,0,0.46116844
2024-04-02,2024-04,0,0.46116844
2024-04-02,2024-04,0,0.46116844
2024-04-02,2024-04,1,0.51179284
2024-04-02,2024-04,1,0.51179284
2024-04-02,2024-04,0,0.51179284
2024-04-02,2024-04,0,0.51179284
2024-04-02,2024-04,0,0.51179284
2024-04-04,2024-04,0,0.4742355
2024-04-04,2024-04,0,0.4742355
2024-04-04,2024-04,0,0.4742355
2024-04-04,2024-04,0,0.4742355
2024-04-04,2024-04,0,0.4742355
2024-04-05,2024-04,0,0.48925564
2024-04-05,2024-04,0,0.48925564
2024-04-05,2024-04,0,0.48925564
2024-04-08,2024-04,0,0.38815406
2024-04-11,2024-04,0,0.44265154
2024-04-11,2024-04,1,0.44265154
2024-04-11,2024-04,0,0.44265154
2024-04-15,2024-04,0,0.54945934
2024-04-15,2024-04,0,0.54945934
2024-04-15,2024-04,0,0.54945934
2024-04-19,2024-04,0,0.5417422
2024-04-19,2024-04,0,0.5417422
2024-04-19,2024-04,0,0.5417422
2024-04-19,2024-04,1,0.5417422
2024-04-19,2024-04,0,0.5417422
2024-04-19,2024-04,0,0.5417422
2024-04-19,2024-04,0,0.5417422
2024-04-23,2024-04,0,0.36605135
2024-04-23,2024-04,0,0.36605135
2024-04-23,2024-04,1,0.36605135
2024-04-23,2024-04,0,0.36605135
2024-04-23,2024-04,0,0.36605135
2024-04-23,2024-04,0,0.36605135
2024-04-23,2024-04,0,0.36605135
2024-04-23,2024-04,0,0.36605135
2024-04-23,2024-04,0,0.5264797
2024-04-23,2024-04,0,0.5264797
2024-04-23,2024-04,0,0.5264797
2024-04-23,2024-04,0,0.5264797
2024-04-23,2024-04,0,0.5264797
2024-04-23,2024-04,0,0.41392127
2024-04-23,2024-04,0,0.41392127
2024-04-23,2024-04,1,0.41392127
2024-04-23,2024-04,0,0.41392127
2024-04-23,2024-04,1,0.41392127
2024-04-23,2024-04,0,0.41392127
2024-04-23,2024-04,0,0.41392127
2024-04-23,2024-04,0,0.41392127
2024-04-23,2024-04,0,0.49843124
2024-04-23,2024-04,0,0.49843124
2024-04-23,2024-04,0,0.49843124
2024-04-23,2024-04,1,0.49843124
2024-04-23,2024-04,0,0.49843124
2024-04-23,2024-04,0,0.49843124
2024-04-23,2024-04,0,0.49843124
2024-04-25,2024-04,0,0.56750226
2024-04-25,2024-04,1,0.56750226
2024-04-25,2024-04,0,0.56750226
2024-04-25,2024-04,0,0.56750226
2024-04-25,2024-04,1,0.56750226
2024-04-25,2024-04,0,0.56750226
2024-05-01,2024-05,1,0.58593065
2024-05-07,2024-05,0,0.44566524
2024-05-07,2024-05,0,0.44566524
2024-05-07,2024-05,0,0.44566524
2024-05-07,2024-05,0,0.44566524
2024-05-07,2024-05,0,0.44566524
2024-05-07,2024-05,0,0.44566524
2024-05-07,2024-05,0,0.44566524
2024-05-07,2024-05,0,0.3603765
2024-05-07,2024-05,1,0.3603765
2024-05-07,2024-05,0,0.3603765
2024-05-07,2024-05,0,0.3603765
2024-05-07,2024-05,1,0.3603765
2024-05-07,2024-05,0,0.3603765
2024-05-08,2024-05,0,0.49075994
2024-05-08,2024-05,1,0.49075994
2024-05-08,2024-05,0,0.49075994
2024-05-08,2024-05,0,0.49075994
2024-05-08,2024-05,1,0.49075994
2024-05-08,2024-05,0,0.49075994
2024-05-08,2024-05,1,0.5073618
2024-05-08,2024-05,0,0.5073618
2024-05-13,2024-05,1,0.55189073
2024-05-13,2024-05,0,0.55189073
2024-05-13,2024-05,1,0.55189073
2024-05-13,2024-05,0,0.4277851
2024-05-13,2024-05,0,0.4277851
2024-05-13,2024-05,0,0.4277851
2024-05-13,2024-05,0,0.4277851
2024-05-13,2024-05,0,0.4277851
2024-05-13,2024-05,0,0.4277851
2024-05-13,2024-05,0,0.4277851
2024-05-15,2024-05,0,0.5656587
2024-05-15,2024-05,0,0.5656587
2024-05-15,2024-05,0,0.5656587
2024-05-15,2024-05,1,0.5656587
2024-05-15,2024-05,0,0.5656587
2024-05-15,2024-05,0,0.5656587
2024-05-15,2024-05,0,0.5656587
2024-05-17,2024-05,0,0.4707746
2024-05-17,2024-05,0,0.4707746
2024-05-17,2024-05,0,0.4707746
2024-05-21,2024-05,0,0.42644104
2024-05-21,2024-05,0,0.42644104
2024-05-21,2024-05,0,0.42644104
2024-05-21,2024-05,0,0.42644104
2024-05-21,2024-05,0,0.42644104
2024-05-21,2024-05,0,0.42644104
2024-05-21,2024-05,0,0.49710083
2024-05-21,2024-05,0,0.49710083
2024-05-22,2024-05,0,0.38162276
2024-05-22,2024-05,0,0.38162276
2024-05-22,2024-05,0,0.38162276
2024-05-22,2024-05,0,0.38162276
2024-05-22,2024-05,0,0.38162276
2024-05-22,2024-05,0,0.38162276
2024-05-22,2024-05,0,0.38162276
2024-05-31,2024-05,1,0.5081837
2024-05-31,2024-05,0,0.5081837
2024-05-31,2024-05,0,0.5081837
2024-05-31,2024-05,0,0.5081837
2024-05-31,2024-05,0,0.5081837
2024-06-04,2024-06,0,0.48650116
2024-06-04,2024-06,0,0.48650116
2024-06-04,2024-06,0,0.48650116
2024-06-04,2024-06,0,0.48650116
2024-06-04,2024-06,0,0.48650116
2024-06-04,2024-06,0,0.48650116
2024-06-04,2024-06,0,0.48650116
2024-06-14,2024-06,0,0.34925526
2024-06-14,2024-06,0,0.34925526
2024-06-14,2024-06,1,0.34925526
2024-06-14,2024-06,1,0.34925526
2024-06-14,2024-06,1,0.34925526
2024-06-14,2024-06,0,0.34925526
2024-06-14,2024-06,0,0.34925526
2024-06-14,2024-06,0,0.34925526
2024-06-14,2024-06,0,0.45535752
2024-06-14,2024-06,0,0.45535752
2024-06-14,2024-06,0,0.45535752
2024-06-14,2024-06,0,0.45535752
2024-06-14,2024-06,1,0.45535752
2024-06-14,2024-06,0,0.45535752
2024-06-14,2024-06,0,0.5730215
2024-06-14,2024-06,0,0.5730215
2024-06-14,2024-06,0,0.5730215
2024-06-14,2024-06,0,0.5730215
2024-06-14,2024-06,0,0.5730215
2024-06-14,2024-06,0,0.5730215
2024-06-14,2024-06,0,0.48415142
2024-06-14,2024-06,0,0.48415142
2024-06-14,2024-06,0,0.48415142
2024-06-14,2024-06,0,0.48415142
2024-06-14,2024-06,0,0.48415142
2024-06-14,2024-06,0,0.48415142
2024-06-14,2024-06,0,0.48415142
2024-06-14,2024-06,0,0.48415142
2024-06-17,2024-06,0,0.4998722
2024-06-17,2024-06,0,0.4998722
2024-06-17,2024-06,0,0.4998722
2024-06-21,2024-06,0,0.56576365
2024-06-21,2024-06,0,0.56576365
2024-06-21,2024-06,0,0.56576365
2024-06-21,2024-06,0,0.56576365
2024-06-21,2024-06,0,0.56576365
2024-06-21,2024-06,0,0.56576365
2024-06-21,2024-06,0,0.56576365
2024-06-25,2024-06,0,0.58545667
2024-06-25,2024-06,0,0.58545667
2024-06-25,2024-06,0,0.58545667
2024-06-25,2024-06,1,0.58545667
2024-06-25,2024-06,0,0.58545667
2024-06-25,2024-06,0,0.58545667
2024-06-25,2024-06,0,0.44137198
2024-06-25,2024-06,1,0.44137198
2024-06-25,2024-06,0,0.44137198
2024-06-27,2024-06,0,0.46273097
2024-06-27,2024-06,0,0.46273097
2024-06-27,2024-06,0,0.46273097
2024-06-27,2024-06,0,0.46273097
2024-06-27,2024-06,0,0.46273097
2024-06-27,2024-06,0,0.46273097
2024-06-27,2024-06,0,0.46273097
2024-07-18,2024-07,1,0.3211406
2024-07-18,2024-07,0,0.3211406
2024-07-18,2024-07,0,0.3211406
2024-07-18,2024-07,0,0.3211406
2024-07-31,2024-07,0,0.3461544
2024-07-31,2024-07,0,0.3461544
2024-07-31,2024-07,0,0.3461544
2024-07-31,2024-07,0,0.3461544
2024-07-31,2024-07,1,0.3461544
2024-07-31,2024-07,0,0.3461544
2024-07-31,2024-07,0,0.3461544
2024-08-07,2024-08,0,0.391784
2024-08-07,2024-08,0,0.391784
2024-08-07,2024-08,0,0.391784
2024-08-07,2024-08,1,0.391784
2024-08-07,2024-08,0,0.391784
2024-08-07,2024-08,0,0.391784
2024-08-07,2024-08,0,0.391784
2024-08-07,2024-08,0,0.391784
2024-08-13,2024-08,0,0.33458945
2024-08-13,2024-08,0,0.33458945
2024-08-13,2024-08,0,0.33458945
2024-08-13,2024-08,1,0.33458945
2024-08-13,2024-08,0,0.33458945
2024-08-13,2024-08,0,0.33458945
2024-08-13,2024-08,0,0.33458945
2024-08-13,2024-08,0,0.33458945
2024-08-16,2024-08,0,0.30959746
2024-08-16,2024-08,0,0.30959746
2024-08-16,2024-08,0,0.30959746
2024-08-16,2024-08,1,0.30959746
2024-08-16,2024-08,0,0.30959746
2024-08-16,2024-08,0,0.30959746
2024-08-16,2024-08,0,0.30959746
2024-08-16,2024-08,0,0.30959746
2024-08-23,2024-08,1,0.44021356
2024-08-23,2024-08,0,0.44021356
2024-08-23,2024-08,0,0.44021356
2024-08-23,2024-08,0,0.44021356
2024-08-23,2024-08,0,0.44021356
2024-08-23,2024-08,0,0.44021356
2024-08-23,2024-08,0,0.44021356
2024-08-28,2024-08,0,0.512603
2024-08-28,2024-08,0,0.512603
2024-08-28,2024-08,0,0.512603
2024-08-28,2024-08,0,0.512603
2024-08-28,2024-08,0,0.512603
2024-08-28,2024-08,0,0.512603
2024-08-28,2024-08,1,0.512603
2024-08-28,2024-08,0,0.512603
2024-09-02,2024-09,0,0.38032728
2024-09-02,2024-09,0,0.38032728
2024-09-02,2024-09,0,0.38032728
2024-09-02,2024-09,0,0.38032728
2024-09-02,2024-09,0,0.38032728
2024-09-10,2024-09,0,0.35627866
2024-09-10,2024-09,0,0.35627866
2024-09-10,2024-09,0,0.35627866
2024-09-10,2024-09,0,0.35627866
2024-09-10,2024-09,1,0.35627866
2024-09-10,2024-09,0,0.35627866
2024-09-18,2024-09,0,0.5187824
2024-09-18,2024-09,0,0.5187824
2024-09-18,2024-09,1,0.5187824
2024-09-18,2024-09,0,0.5187824
2024-09-18,2024-09,1,0.5187824
2024-09-18,2024-09,0,0.5187824
2024-09-18,2024-09,0,0.5187824
2024-09-18,2024-09,0,0.5187824
2024-09-18,2024-09,1,0.40022177
2024-09-18,2024-09,1,0.40022177
2024-09-18,2024-09,0,0.40022177
2024-09-18,2024-09,0,0.40022177
2024-09-18,2024-09,0,0.40022177
2024-09-18,2024-09,0,0.40022177
2024-09-18,2024-09,0,0.40022177
2024-09-19,2024-09,1,0.33339468
2024-09-19,2024-09,0,0.33339468
2024-09-19,2024-09,0,0.33339468
2024-09-19,2024-09,0,0.33339468
2024-09-19,2024-09,1,0.33339468
2024-09-19,2024-09,0,0.33339468
2024-09-25,2024-09,0,0.35025468
2024-09-25,2024-09,0,0.35025468
2024-09-25,2024-09,0,0.35025468
2024-09-25,2024-09,1,0.35025468
2024-09-25,2024-09,1,0.35025468
2024-09-25,2024-09,0,0.35025468
2024-09-25,2024-09,0,0.35025468
2024-10-01,2024-10,0,0.42814374
2024-10-01,2024-10,0,0.42814374
2024-10-01,2024-10,0,0.42814374
2024-10-01,2024-10,0,0.42814374
2024-10-01,2024-10,0,0.42814374
2024-10-01,2024-10,0,0.42814374
2024-10-01,2024-10,0,0.4877363
2024-10-01,2024-10,0,0.4877363
2024-10-01,2024-10,0,0.4877363
2024-10-09,2024-10,1,0.5192623
2024-10-09,2024-10,1,0.5192623
2024-10-09,2024-10,0,0.5192623
2024-10-09,2024-10,0,0.5192623
2024-10-09,2024-10,0,0.5192623
2024-10-09,2024-10,0,0.5192623
2024-10-10,2024-10,1,0.3323104
2024-10-10,2024-10,1,0.3323104
2024-10-10,2024-10,0,0.3323104
2024-10-10,2024-10,0,0.3323104
2024-10-10,2024-10,0,0.3323104
2024-10-10,2024-10,0,0.3323104
2024-10-10,2024-10,0,0.3323104
2024-10-10,2024-10,1,0.43369663
2024-10-10,2024-10,0,0.43369663
2024-10-10,2024-10,0,0.43369663
2024-10-10,2024-10,0,0.43369663
2024-10-10,2024-10,1,0.43369663
2024-10-10,2024-10,0,0.43369663
2024-10-10,2024-10,0,0.44305816
2024-10-10,2024-10,0,0.44305816
2024-10-10,2024-10,0,0.44305816
2024-10-10,2024-10,0,0.44305816
2024-10-10,2024-10,0,0.44305816
2024-10-10,2024-10,0,0.44305816
2024-10-10,2024-10,0,0.5057008
2024-10-10,2024-10,0,0.5057008
2024-10-10,2024-10,0,0.5057008
2024-10-10,2024-10,0,0.5057008
2024-10-10,2024-10,0,0.5057008
2024-10-18,2024-10,0,0.4916952
2024-10-18,2024-10,0,0.4916952
2024-10-18,2024-10,0,0.4916952
2024-10-18,2024-10,0,0.4916952
2024-10-18,2024-10,0,0.4916952
2024-10-18,2024-10,0,0.5680265
2024-10-18,2024-10,0,0.5680265
2024-10-18,2024-10,0,0.5680265
2024-10-18,2024-10,0,0.5680265
2024-10-18,2024-10,0,0.5680265
2024-10-18,2024-10,0,0.5680265
2024-10-21,2024-10,0,0.5099646
2024-10-21,2024-10,0,0.5099646
2024-10-21,2024-10,0,0.5099646
2024-10-21,2024-10,0,0.5353034
2024-10-21,2024-10,0,0.5353034
2024-10-21,2024-10,0,0.5353034
2024-10-21,2024-10,0,0.38196853
2024-10-21,2024-10,1,0.38196853
2024-10-21,2024-10,0,0.38196853
2024-10-21,2024-10,0,0.38196853
2024-10-21,2024-10,0,0.38196853
2024-10-21,2024-10,0,0.38196853
2024-10-21,2024-10,0,0.38196853
2024-10-21,2024-10,0,0.38196853
2024-10-22,2024-10,1,0.51630014
2024-10-22,2024-10,1,0.51630014
2024-10-22,2024-10,0,0.51630014
2024-10-22,2024-10,0,0.51630014
2024-10-22,2024-10,0,0.51630014
2024-10-22,2024-10,0,0.51630014
2024-10-22,2024-10,0,0.4086012
2024-10-22,2024-10,0,0.4086012
2024-10-22,2024-10,0,0.4086012
2024-10-22,2024-10,0,0.4086012
2024-10-22,2024-10,0,0.4086012
2024-10-22,2024-10,0,0.4086012
2024-10-22,2024-10,0,0.4086012
2024-10-22,2024-10,0,0.4086012
2024-10-28,2024-10,0,0.4724401
2024-10-28,2024-10,0,0.4724401
2024-10-28,2024-10,0,0.4724401
2024-10-28,2024-10,0,0.4724401
2024-10-28,2024-10,0,0.4724401
2024-10-31,2024-10,1,0.46942908
2024-10-31,2024-10,1,0.46942908
2024-10-31,2024-10,0,0.46942908
2024-10-31,2024-10,0,0.46942908
2024-10-31,2024-10,0,0.46942908
2024-10-31,2024-10,0,0.46942908
2024-10-31,2024-10,0,0.46942908
2024-11-06,2024-11,0,0.4461478
2024-11-06,2024-11,0,0.4461478
2024-11-06,2024-11,1,0.4461478
2024-11-06,2024-11,0,0.4461478
2024-11-06,2024-11,0,0.4461478
2024-11-14,2024-11,0,0.37593552
2024-11-14,2024-11,0,0.37593552
2024-11-14,2024-11,0,0.37593552
2024-11-14,2024-11,0,0.37593552
2024-11-14,2024-11,0,0.37593552
2024-11-14,2024-11,0,0.37593552
2024-11-14,2024-11,0,0.37593552
2024-11-14,2024-11,0,0.37593552
2024-11-21,2024-11,0,0.46176
2024-11-21,2024-11,0,0.46176
2024-11-21,2024-11,1,0.46176
2024-11-21,2024-11,0,0.46176
2024-11-21,2024-11,0,0.46176
2024-11-21,2024-11,0,0.29629782
2024-11-21,2024-11,0,0.29629782
2024-11-21,2024-11,0,0.29629782
2024-11-21,2024-11,0,0.29629782
2024-11-21,2024-11,0,0.29629782
2024-11-21,2024-11,0,0.29629782
2024-11-21,2024-11,0,0.29629782
2024-11-21,2024-11,0,0.29629782
2024-11-27,2024-11,1,0.44331422
2024-11-27,2024-11,1,0.44331422
2024-11-27,2024-11,0,0.44331422
2024-11-27,2024-11,0,0.44331422
2024-11-27,2024-11,0,0.44331422
2024-11-27,2024-11,0,0.44331422
2024-11-27,2024-11,0,0.44331422
2024-11-28,2024-11,0,0.5185119
2024-11-28,2024-11,0,0.5185119
2024-11-28,2024-11,0,0.5185119
2024-11-28,2024-11,0,0.5185119
2024-11-28,2024-11,0,0.5185119
2024-11-28,2024-11,0,0.5185119
2024-11-28,2024-11,0,0.5185119
2024-12-02,2024-12,0,0.5462995
2024-12-02,2024-12,0,0.5462995
2024-12-02,2024-12,0,0.5462995
2024-12-02,2024-12,0,0.5462995
2024-12-02,2024-12,0,0.5462995
2024-12-02,2024-12,0,0.5462995
2024-12-09,2024-12,1,0.3055419
2024-12-09,2024-12,0,0.3055419
2024-12-09,2024-12,0,0.3055419
2024-12-09,2024-12,0,0.3055419
2024-12-09,2024-12,0,0.28432754
2024-12-09,2024-12,0,0.28432754
2024-12-09,2024-12,0,0.28432754
2024-12-10,2024-12,0,0.3863003
2024-12-10,2024-12,0,0.3863003
2024-12-10,2024-12,0,0.3863003
2024-12-10,2024-12,0,0.3863003
2024-12-10,2024-12,0,0.3863003
2024-12-10,2024-12,0,0.3863003
2024-12-10,2024-12,1,0.3863003
2024-12-11,2024-12,0,0.39545515
2024-12-13,2024-12,0,0.43557137
2024-12-13,2024-12,0,0.43557137
2024-12-13,2024-12,1,0.43557137
2024-12-13,2024-12,0,0.3624895
2024-12-13,2024-12,0,0.3624895
2024-12-13,2024-12,0,0.3624895
2024-12-17,2024-12,1,0.3479801
2024-12-17,2024-12,0,0.3479801
2024-12-17,2024-12,0,0.3479801
2024-12-17,2024-12,0,0.3479801
2024-12-17,2024-12,0,0.37693843
2024-12-17,2024-12,0,0.37693843
2024-12-17,2024-12,0,0.37693843
2024-12-17,2024-12,0,0.37693843
2024-12-17,2024-12,0,0.37693843
2024-12-17,2024-12,0,0.37693843
2024-12-17,2024-12,0,0.37693843
2024-12-17,2024-12,0,0.37693843
2024-12-19,2024-12,0,0.53869504
2024-12-19,2024-12,0,0.53869504
2024-12-19,2024-12,0,0.53869504
2024-12-19,2024-12,0,0.53869504
2024-12-19,2024-12,0,0.53869504
2024-12-19,2024-12,0,0.53869504
2024-12-19,2024-12,0,0.53869504
2024-12-19,2024-12,1,0.34571245
2024-12-19,2024-12,1,0.34571245
2024-12-19,2024-12,0,0.34571245
2024-12-19,2024-12,0,0.34571245
2024-12-19,2024-12,0,0.34571245
2024-12-19,2024-12,0,0.34571245
2024-12-19,2024-12,0,0.34571245
2024-01-04,2024-01,0,0.5122389
2024-01-04,2024-01,0,0.5122389
2024-01-04,2024-01,0,0.5122389
2024-01-05,2024-01,0,0.32204604
2024-01-05,2024-01,0,0.32204604
2024-01-05,2024-01,0,0.32204604
2024-01-05,2024-01,0,0.32204604
2024-01-05,2024-01,0,0.32204604
2024-01-05,2024-01,0,0.32204604
2024-01-19,2024-01,1,0.52435094
2024-01-19,2024-01,0,0.52435094
2024-01-19,2024-01,0,0.52435094
2024-01-19,2024-01,0,0.52435094
2024-01-19,2024-01,1,0.52435094
2024-01-19,2024-01,0,0.52435094
2024-01-19,2024-01,0,0.52435094
2024-01-19,2024-01,0,0.52435094
2024-02-09,2024-02,0,0.56856555
2024-02-09,2024-02,1,0.56856555
2024-02-09,2024-02,0,0.56856555
2024-02-09,2024-02,0,0.56856555
2024-02-09,2024-02,0,0.56856555
2024-02-09,2024-02,0,0.56856555
2024-03-13,2024-03,0,0.5358348
2024-03-13,2024-03,0,0.5358348
2024-03-13,2024-03,0,0.5358348
2024-03-13,2024-03,0,0.5358348
2024-03-13,2024-03,0,0.5358348
2024-03-13,2024-03,0,0.5358348
2024-03-13,2024-03,0,0.5358348
2024-04-02,2024-04,0,0.27590945
2024-04-02,2024-04,0,0.27590945
2024-04-02,2024-04,0,0.27590945
2024-04-02,2024-04,0,0.27590945
2024-04-02,2024-04,0,0.27590945
2024-06-17,2024-06,0,0.3774833
2024-06-17,2024-06,0,0.3774833
2024-06-17,2024-06,0,0.3774833
2024-06-17,2024-06,0,0.3774833
2024-06-17,2024-06,0,0.3774833
2024-06-17,2024-06,0,0.3774833
2024-06-17,2024-06,0,0.3774833
2024-07-22,2024-07,0,0.41294438
2024-07-22,2024-07,0,0.41294438
2024-07-22,2024-07,0,0.41294438
2024-07-22,2024-07,1,0.41294438
2024-07-22,2024-07,0,0.41294438
2024-07-24,2024-07,0,0.42829317
2024-07-24,2024-07,0,0.42829317
2024-07-24,2024-07,0,0.42829317
2024-07-24,2024-07,0,0.42829317
2024-07-24,2024-07,0,0.42829317
2024-07-24,2024-07,0,0.42829317
2024-08-23,2024-08,0,0.4028325
2024-08-23,2024-08,0,0.4028325
2024-08-23,2024-08,0,0.4028325
2024-08-23,2024-08,0,0.4028325
2024-08-23,2024-08,0,0.4028325
2024-08-23,2024-08,0,0.4028325
2024-08-23,2024-08,0,0.4028325
2024-08-23,2024-08,0,0.4028325
2024-09-10,2024-09,0,0.51450706
2024-09-10,2024-09,0,0.51450706
2024-09-10,2024-09,0,0.51450706
2024-09-10,2024-09,0,0.51450706
2024-09-10,2024-09,0,0.51450706
2024-09-10,2024-09,0,0.51450706
2024-09-10,2024-09,0,0.51450706
2024-10-17,2024-10,0,0.5371628
2024-10-17,2024-10,0,0.5371628
2024-10-17,2024-10,1,0.5371628
2024-10-17,2024-10,0,0.5371628
2024-10-17,2024-10,0,0.5371628
2024-10-17,2024-10,0,0.5371628
2024-10-17,2024-10,0,0.5371628
2024-11-04,2024-11,0,0.42874157
2024-11-04,2024-11,0,0.42874157
2024-11-04,2024-11,0,0.42874157
2024-11-04,2024-11,0,0.42874157
2024-11-04,2024-11,0,0.42874157
2024-11-04,2024-11,0,0.42874157
2024-11-04,2024-11,0,0.42874157
2024-11-04,2024-11,0,0.42874157
2024-12-04,2024-12,0,0.50228494
2024-12-04,2024-12,0,0.50228494
2024-12-04,2024-12,1,0.50228494
2024-12-04,2024-12,0,0.50228494
2024-12-04,2024-12,0,0.50228494
2024-12-04,2024-12,0,0.50228494
2025-01-08,2025-01,0,0.51215124
2025-01-08,2025-01,0,0.51215124
2025-01-08,2025-01,0,0.51215124
2025-01-08,2025-01,0,0.51215124
2025-01-08,2025-01,0,0.51215124
2025-01-08,2025-01,1,0.37797108
2025-01-08,2025-01,0,0.37797108
2025-01-08,2025-01,0,0.37797108
2025-01-08,2025-01,0,0.37797108
2025-01-08,2025-01,0,0.37797108
2025-01-08,2025-01,0,0.37797108
2025-01-08,2025-01,0,0.37797108
2025-01-08,2025-01,1,0.54805374
2025-01-08,2025-01,0,0.54805374
2025-01-08,2025-01,0,0.54805374
2025-01-08,2025-01,0,0.54805374
2025-01-08,2025-01,0,0.54805374
2025-01-08,2025-01,0,0.54805374
2025-01-08,2025-01,0,0.54805374
2025-01-08,2025-01,0,0.44238055
2025-01-08,2025-01,0,0.44238055
2025-01-08,2025-01,0,0.44238055
2025-01-08,2025-01,0,0.44238055
2025-01-08,2025-01,0,0.44238055
2025-01-08,2025-01,0,0.44238055
2025-01-08,2025-01,0,0.44238055
2025-01-08,2025-01,0,0.44238055
2025-01-08,2025-01,0,0.546602
2025-01-08,2025-01,0,0.546602
2025-01-08,2025-01,0,0.546602
2025-01-08,2025-01,0,0.546602
2025-01-08,2025-01,0,0.546602
2025-01-15,2025-01,0,0.5597263
2025-01-15,2025-01,0,0.5597263
2025-01-15,2025-01,0,0.5597263
2025-01-15,2025-01,0,0.5597263
2025-01-15,2025-01,0,0.5597263
2025-01-16,2025-01,1,0.39021438
2025-01-16,2025-01,0,0.39021438
2025-01-16,2025-01,0,0.39021438
2025-01-16,2025-01,0,0.39021438
2025-01-16,2025-01,0,0.39021438
2025-01-16,2025-01,0,0.39021438
2025-01-16,2025-01,0,0.39021438
2025-01-16,2025-01,0,0.548545
2025-01-16,2025-01,0,0.548545
2025-01-16,2025-01,0,0.548545
2025-01-16,2025-01,0,0.35499188
2025-01-16,2025-01,0,0.35499188
2025-01-16,2025-01,0,0.35499188
2025-01-16,2025-01,1,0.35499188
2025-01-16,2025-01,0,0.35499188
2025-01-16,2025-01,0,0.35499188
2025-01-16,2025-01,0,0.35499188
2025-01-20,2025-01,0,0.47534654
2025-01-20,2025-01,0,0.47534654
2025-01-20,2025-01,0,0.47534654
2025-01-20,2025-01,0,0.47534654
2025-01-20,2025-01,0,0.47534654
2025-01-20,2025-01,0,0.5248837
2025-01-20,2025-01,1,0.5248837
2025-01-20,2025-01,0,0.5248837
2025-01-20,2025-01,0,0.5248837
2025-01-20,2025-01,0,0.5248837
2025-01-20,2025-01,0,0.42447165
2025-01-20,2025-01,0,0.42447165
2025-01-20,2025-01,0,0.42447165
2025-01-20,2025-01,0,0.42447165
2025-01-20,2025-01,0,0.42447165
2025-01-20,2025-01,0,0.42447165
2025-01-20,2025-01,0,0.42447165
2025-01-22,2025-01,0,0.49730116
2025-01-22,2025-01,0,0.49730116
2025-01-22,2025-01,0,0.49730116
2025-01-22,2025-01,0,0.49730116
2025-01-22,2025-01,0,0.49730116
2025-01-22,2025-01,0,0.49730116
2025-01-22,2025-01,0,0.49730116
2025-01-22,2025-01,0,0.47603348
2025-01-22,2025-01,0,0.47603348
2025-01-22,2025-01,0,0.47603348
2025-01-22,2025-01,0,0.47603348
2025-01-22,2025-01,0,0.47603348
2025-01-22,2025-01,0,0.47603348
2025-01-22,2025-01,0,0.47603348
2025-01-24,2025-01,0,0.44168803
2025-01-24,2025-01,1,0.44168803
2025-01-24,2025-01,0,0.44168803
2025-01-24,2025-01,0,0.44168803
2025-01-24,2025-01,0,0.44168803
2025-01-24,2025-01,0,0.44168803
2025-01-24,2025-01,1,0.44168803
2025-01-24,2025-01,0,0.38499886
2025-01-24,2025-01,0,0.38499886
2025-01-24,2025-01,0,0.38499886
2025-01-24,2025-01,0,0.38499886
2025-01-24,2025-01,0,0.46245787
2025-01-24,2025-01,0,0.46245787
2025-01-27,2025-01,0,0.32852945
2025-01-27,2025-01,0,0.32852945
2025-01-27,2025-01,0,0.32852945
2025-01-27,2025-01,0,0.32852945
2025-01-27,2025-01,0,0.32852945
2025-01-27,2025-01,0,0.32852945
2025-01-27,2025-01,0,0.32852945
2025-01-28,2025-01,1,0.38124838
2025-01-28,2025-01,0,0.38124838
2025-01-28,2025-01,0,0.38124838
2025-01-28,2025-01,0,0.38124838
2025-01-28,2025-01,0,0.38124838
2025-01-28,2025-01,0,0.38124838
2025-01-28,2025-01,0,0.38124838
2025-01-28,2025-01,1,0.54345393
2025-01-28,2025-01,0,0.54345393
2025-01-28,2025-01,0,0.54345393
2025-01-28,2025-01,0,0.54345393
2025-01-28,2025-01,0,0.54345393
2025-01-30,2025-01,0,0.5290087
2025-01-30,2025-01,0,0.5290087
2025-01-30,2025-01,0,0.5290087
2025-01-30,2025-01,0,0.5290087
2025-01-30,2025-01,0,0.5290087
2025-01-30,2025-01,0,0.5290087
2025-01-30,2025-01,0,0.5290087
2025-01-30,2025-01,0,0.47060734
2025-01-30,2025-01,0,0.47060734
2025-01-30,2025-01,1,0.47060734
2025-01-30,2025-01,0,0.47060734
2025-01-30,2025-01,0,0.47060734
2025-01-30,2025-01,0,0.47060734
2025-01-30,2025-01,0,0.47060734
2025-01-31,2025-01,1,0.53996885
2025-01-31,2025-01,0,0.53996885
2025-01-31,2025-01,0,0.53996885
2025-01-31,2025-01,0,0.53996885
2025-01-31,2025-01,1,0.53996885
2025-01-31,2025-01,0,0.53996885
2025-02-07,2025-02,0,0.34571245
2025-02-07,2025-02,0,0.34571245
2025-02-07,2025-02,0,0.34571245
2025-02-07,2025-02,0,0.34571245
2025-02-07,2025-02,0,0.34571245
2025-02-07,2025-02,0,0.34571245
2025-02-07,2025-02,0,0.34571245
2025-02-07,2025-02,0,0.34571245
2025-02-07,2025-02,0,0.42418835
2025-02-07,2025-02,0,0.42418835
2025-02-07,2025-02,1,0.42418835
2025-02-07,2025-02,0,0.5129289
2025-02-07,2025-02,0,0.5129289
2025-02-07,2025-02,0,0.5129289
2025-02-07,2025-02,0,0.5129289
2025-02-07,2025-02,0,0.5129289
2025-02-07,2025-02,0,0.5129289
2025-02-11,2025-02,1,0.56115466
2025-02-11,2025-02,0,0.56115466
2025-02-11,2025-02,0,0.56115466
2025-02-11,2025-02,0,0.56115466
2025-02-11,2025-02,0,0.56115466
2025-02-19,2025-02,0,0.37025383
2025-02-19,2025-02,0,0.37025383
2025-02-19,2025-02,0,0.37025383
2025-02-19,2025-02,1,0.37025383
2025-02-19,2025-02,1,0.37025383
2025-02-19,2025-02,1,0.37025383
2025-02-19,2025-02,0,0.37025383
2025-02-19,2025-02,0,0.37025383
2025-02-19,2025-02,0,0.527269
2025-02-19,2025-02,0,0.527269
2025-02-19,2025-02,0,0.527269
2025-02-19,2025-02,1,0.527269
2025-02-19,2025-02,0,0.527269
2025-02-19,2025-02,1,0.527269
2025-02-19,2025-02,0,0.527269
2025-02-19,2025-02,0,0.527269
2025-02-19,2025-02,0,0.36305386
2025-02-19,2025-02,0,0.36305386
2025-02-19,2025-02,0,0.36305386
2025-02-19,2025-02,0,0.36305386
2025-02-19,2025-02,0,0.36305386
2025-02-19,2025-02,0,0.36305386
2025-02-19,2025-02,0,0.36305386
2025-02-19,2025-02,0,0.40192252
2025-02-19,2025-02,1,0.40192252
2025-02-19,2025-02,1,0.40192252
2025-02-19,2025-02,1,0.40192252
2025-02-19,2025-02,0,0.40192252
2025-02-19,2025-02,0,0.42587385
2025-02-19,2025-02,0,0.42587385
2025-02-19,2025-02,0,0.42587385
2025-02-19,2025-02,0,0.42587385
2025-02-19,2025-02,0,0.42587385
2025-02-19,2025-02,0,0.42587385
2025-02-19,2025-02,0,0.42587385
2025-02-21,2025-02,0,0.46179035
2025-02-21,2025-02,0,0.46179035
2025-02-21,2025-02,0,0.46179035
2025-02-21,2025-02,0,0.46179035
2025-02-21,2025-02,0,0.46179035
2025-02-21,2025-02,0,0.46179035
2025-02-24,2025-02,1,0.34004676
2025-02-24,2025-02,0,0.34004676
2025-02-24,2025-02,0,0.34004676
2025-02-24,2025-02,0,0.34004676
2025-02-24,2025-02,0,0.34004676
2025-02-24,2025-02,0,0.34004676
2025-02-24,2025-02,0,0.34004676
2025-02-24,2025-02,0,0.34004676
2025-02-26,2025-02,1,0.5416589
2025-02-26,2025-02,0,0.5416589
2025-02-26,2025-02,0,0.5416589
2025-02-26,2025-02,0,0.5416589
2025-02-26,2025-02,0,0.5416589
2025-02-26,2025-02,0,0.467271
2025-02-26,2025-02,0,0.467271
2025-02-26,2025-02,1,0.467271
2025-02-26,2025-02,0,0.467271
2025-02-26,2025-02,0,0.467271
2025-02-26,2025-02,0,0.467271
2025-02-26,2025-02,0,0.467271
2025-02-26,2025-02,0,0.467271
2025-03-04,2025-03,0,0.415047
2025-03-04,2025-03,1,0.415047
2025-03-04,2025-03,0,0.415047
2025-03-04,2025-03,0,0.415047
2025-03-04,2025-03,0,0.415047
2025-03-14,2025-03,0,0.5326227
2025-03-14,2025-03,0,0.5326227
2025-03-14,2025-03,0,0.5326227
2025-03-14,2025-03,0,0.5326227
2025-03-14,2025-03,0,0.5326227
2025-03-14,2025-03,1,0.5326227
2025-03-18,2025-03,0,0.34714973
2025-03-18,2025-03,0,0.34714973
2025-03-18,2025-03,0,0.34714973
2025-03-18,2025-03,0,0.34714973
2025-03-18,2025-03,0,0.34714973
2025-03-18,2025-03,0,0.34714973
2025-03-18,2025-03,0,0.34714973
2025-03-18,2025-03,0,0.34714973
2025-03-19,2025-03,0,0.27391413
2025-03-19,2025-03,0,0.27391413
2025-03-19,2025-03,0,0.27391413
2025-03-19,2025-03,0,0.27391413
2025-03-19,2025-03,0,0.27391413
2025-03-19,2025-03,0,0.27391413
2025-03-24,2025-03,0,0.52282655
2025-03-24,2025-03,0,0.52282655
2025-03-24,2025-03,0,0.52282655
2025-03-24,2025-03,0,0.52282655
2025-03-24,2025-03,0,0.52282655
2025-03-24,2025-03,0,0.52282655
2025-03-24,2025-03,0,0.52282655
2025-03-24,2025-03,0,0.38670555
2025-03-24,2025-03,0,0.38670555
2025-03-24,2025-03,0,0.38670555
2025-03-24,2025-03,0,0.38670555
2025-03-24,2025-03,0,0.38670555
2025-03-24,2025-03,1,0.38670555
2025-03-24,2025-03,0,0.44774705
2025-03-24,2025-03,0,0.44774705
2025-03-24,2025-03,1,0.44774705
2025-03-24,2025-03,0,0.4151952
2025-03-24,2025-03,1,0.4151952
2025-03-24,2025-03,0,0.4151952
2025-03-24,2025-03,0,0.4151952
2025-03-24,2025-03,0,0.4151952
2025-03-26,2025-03,0,0.54374164
2025-03-26,2025-03,0,0.54374164
2025-03-26,2025-03,1,0.54374164
2025-03-26,2025-03,1,0.54374164
2025-03-26,2025-03,0,0.54374164
2025-04-01,2025-04,0,0.4891184
2025-04-01,2025-04,0,0.4891184
2025-04-01,2025-04,0,0.4891184
2025-04-01,2025-04,0,0.4891184
2025-04-01,2025-04,0,0.4891184
2025-04-28,2025-04,0,0.41034272
2025-04-28,2025-04,0,0.41034272
2025-04-28,2025-04,0,0.4735184
2025-04-28,2025-04,0,0.4735184
2025-04-28,2025-04,0,0.4735184
2025-04-28,2025-04,0,0.4735184
2025-04-28,2025-04,0,0.4735184
2025-04-29,2025-04,0,0.33486125
2025-04-29,2025-04,0,0.33486125
2025-04-29,2025-04,0,0.33486125
2025-04-29,2025-04,0,0.33486125
2025-04-29,2025-04,0,0.33486125
2025-04-29,2025-04,0,0.33486125
2025-04-29,2025-04,0,0.33486125
2025-05-08,2025-05,0,0.31027627
2025-05-08,2025-05,0,0.31027627
2025-05-08,2025-05,0,0.31027627
2025-05-08,2025-05,1,0.31027627
2025-05-08,2025-05,0,0.31027627
2025-05-08,2025-05,0,0.31027627
2025-05-08,2025-05,0,0.31027627
2025-05-08,2025-05,0,0.31027627
2025-05-19,2025-05,0,0.47361156
2025-05-19,2025-05,0,0.47361156
2025-05-19,2025-05,0,0.47361156
2025-05-19,2025-05,0,0.47361156
2025-05-19,2025-05,0,0.47361156
2025-05-19,2025-05,0,0.47361156
2025-05-19,2025-05,0,0.51931185
2025-05-19,2025-05,0,0.51931185
2025-05-19,2025-05,0,0.51931185
2025-05-19,2025-05,0,0.51931185
2025-05-19,2025-05,0,0.51931185
2025-05-19,2025-05,0,0.51931185
2025-05-19,2025-05,0,0.51931185
2025-05-19,2025-05,0,0.40762812
2025-05-19,2025-05,0,0.40762812
2025-05-19,2025-05,0,0.40762812
2025-05-20,2025-05,0,0.53167295
2025-05-20,2025-05,0,0.53167295
2025-05-20,2025-05,0,0.53167295
2025-05-20,2025-05,0,0.53167295
2025-05-20,2025-05,0,0.53167295
2025-05-20,2025-05,0,0.53167295
2025-05-20,2025-05,0,0.53167295
2025-05-20,2025-05,0,0.4969406
2025-05-20,2025-05,0,0.4969406
2025-05-20,2025-05,0,0.4969406
2025-05-20,2025-05,0,0.4969406
2025-05-20,2025-05,0,0.4969406
2025-05-20,2025-05,0,0.4969406
2025-05-21,2025-05,0,0.49911118
2025-05-21,2025-05,0,0.49911118
2025-05-21,2025-05,0,0.49911118
2025-05-21,2025-05,0,0.49911118
2025-05-21,2025-05,0,0.49911118
2025-05-21,2025-05,0,0.49911118
2025-05-21,2025-05,0,0.5077966
2025-05-21,2025-05,0,0.5077966
2025-05-21,2025-05,0,0.5077966
2025-05-21,2025-05,0,0.5077966
2025-05-21,2025-05,0,0.5077966
2025-05-21,2025-05,0,0.5077966
2025-05-21,2025-05,0,0.5077966
2025-05-21,2025-05,0,0.404478
2025-05-21,2025-05,0,0.404478
2025-05-21,2025-05,0,0.404478
2025-05-22,2025-05,0,0.4698243
2025-05-22,2025-05,0,0.4698243
2025-05-22,2025-05,0,0.4698243
2025-05-23,2025-05,0,0.43910083
2025-05-23,2025-05,1,0.43910083
2025-05-23,2025-05,1,0.43910083
2025-05-23,2025-05,0,0.43910083
2025-05-23,2025-05,1,0.43910083
2025-05-23,2025-05,1,0.43910083
2025-05-23,2025-05,0,0.43910083
2025-05-28,2025-05,0,0.4655697
2025-05-28,2025-05,0,0.4655697
2025-05-28,2025-05,0,0.4655697
2025-05-28,2025-05,0,0.4655697
2025-05-28,2025-05,0,0.4655697
2025-05-28,2025-05,0,0.4655697
2025-05-28,2025-05,0,0.4655697
2025-05-28,2025-05,0,0.4409657
2025-05-28,2025-05,0,0.4409657
2025-05-28,2025-05,0,0.4409657
2025-05-28,2025-05,1,0.4409657
2025-05-28,2025-05,0,0.4409657
2025-05-28,2025-05,0,0.4409657
2025-05-28,2025-05,0,0.4409657
2025-05-28,2025-05,0,0.4409657
2025-06-04,2025-06,0,0.321247
2025-06-04,2025-06,0,0.321247
2025-06-04,2025-06,0,0.321247
2025-06-04,2025-06,0,0.321247
2025-06-04,2025-06,0,0.321247
2025-06-04,2025-06,0,0.321247
2025-06-04,2025-06,0,0.321247
2025-06-04,2025-06,0,0.39309376
2025-06-04,2025-06,0,0.39309376
2025-06-04,2025-06,0,0.39309376
2025-06-04,2025-06,0,0.39309376
2025-06-04,2025-06,0,0.39309376
2025-06-04,2025-06,0,0.39309376
2025-06-04,2025-06,0,0.39309376
2025-06-04,2025-06,0,0.35370722
2025-06-04,2025-06,0,0.35370722
2025-06-04,2025-06,0,0.35370722
2025-06-04,2025-06,0,0.40415466
2025-06-04,2025-06,0,0.40415466
2025-06-04,2025-06,0,0.40415466
2025-06-04,2025-06,0,0.40396354
2025-06-04,2025-06,0,0.40396354
2025-06-04,2025-06,0,0.40396354
2025-06-04,2025-06,0,0.40396354
2025-06-04,2025-06,0,0.40396354
2025-06-04,2025-06,0,0.40396354
2025-06-04,2025-06,0,0.40396354
2025-06-04,2025-06,0,0.28671813
2025-06-04,2025-06,0,0.28671813
2025-06-04,2025-06,0,0.28671813
2025-06-04,2025-06,0,0.28671813
2025-06-04,2025-06,0,0.28671813
2025-06-04,2025-06,0,0.28671813
2025-06-04,2025-06,0,0.28671813
2025-06-04,2025-06,0,0.36738378
2025-06-04,2025-06,0,0.36738378
2025-06-04,2025-06,0,0.36738378
2025-06-04,2025-06,0,0.36738378
2025-06-04,2025-06,0,0.36738378
2025-06-04,2025-06,0,0.36738378
2025-06-04,2025-06,0,0.36738378
2025-06-04,2025-06,0,0.3666464
2025-06-04,2025-06,0,0.3666464
2025-06-04,2025-06,0,0.3666464
2025-06-04,2025-06,0,0.3666464
2025-06-04,2025-06,0,0.3666464
2025-06-04,2025-06,0,0.3666464
2025-06-04,2025-06,0,0.3666464
2025-06-04,2025-06,0,0.35320508
2025-06-04,2025-06,0,0.35320508
2025-06-04,2025-06,0,0.35320508
2025-06-04,2025-06,0,0.35320508
2025-06-04,2025-06,0,0.35320508
2025-06-04,2025-06,0,0.35320508
2025-06-04,2025-06,0,0.35320508
2025-06-04,2025-06,0,0.335623
2025-06-04,2025-06,0,0.335623
2025-06-04,2025-06,0,0.335623
2025-06-04,2025-06,0,0.335623
2025-06-04,2025-06,0,0.335623
2025-06-04,2025-06,0,0.335623
2025-06-04,2025-06,0,0.335623
2025-06-04,2025-06,0,0.38211262
2025-06-04,2025-06,0,0.38211262
2025-06-04,2025-06,0,0.38211262
2025-06-04,2025-06,0,0.38211262
2025-06-04,2025-06,0,0.38211262
2025-06-04,2025-06,0,0.38211262
2025-06-04,2025-06,0,0.38211262
2025-06-04,2025-06,0,0.3607142
2025-06-04,2025-06,0,0.3607142
2025-06-04,2025-06,0,0.3607142
2025-06-04,2025-06,0,0.3607142
2025-06-04,2025-06,0,0.3607142
2025-06-04,2025-06,0,0.3607142
2025-06-04,2025-06,0,0.3607142
2025-06-04,2025-06,0,0.31753206
2025-06-04,2025-06,0,0.31753206
2025-06-04,2025-06,0,0.31753206
2025-06-04,2025-06,0,0.31753206
2025-06-04,2025-06,0,0.31753206
2025-06-04,2025-06,0,0.31753206
2025-06-04,2025-06,0,0.31753206
2025-06-10,2025-06,0,0.46515968
2025-06-10,2025-06,0,0.46515968
2025-06-10,2025-06,0,0.46515968
2025-06-10,2025-06,0,0.46515968
2025-06-10,2025-06,0,0.46515968
2025-06-10,2025-06,0,0.46515968
2025-06-10,2025-06,0,0.46515968
2025-06-10,2025-06,0,0.46515968
2025-06-10,2025-06,0,0.31673902
2025-06-10,2025-06,0,0.31673902
2025-06-10,2025-06,0,0.31673902
2025-06-10,2025-06,1,0.31673902
2025-06-10,2025-06,0,0.31673902
2025-06-10,2025-06,0,0.31673902
2025-06-10,2025-06,0,0.31673902
2025-06-10,2025-06,0,0.31673902
2025-06-11,2025-06,0,0.455017
2025-06-11,2025-06,0,0.455017
2025-06-11,2025-06,0,0.455017
2025-06-11,2025-06,0,0.46588865
2025-06-11,2025-06,0,0.46588865
2025-06-11,2025-06,0,0.46588865
2025-06-12,2025-06,0,0.5801142
2025-06-12,2025-06,0,0.5801142
2025-06-12,2025-06,0,0.5801142
2025-06-12,2025-06,0,0.5801142
2025-06-12,2025-06,0,0.5801142
2025-06-12,2025-06,0,0.34125313
2025-06-12,2025-06,0,0.34125313
2025-06-12,2025-06,0,0.34125313
2025-06-12,2025-06,0,0.34125313
2025-06-12,2025-06,0,0.34125313
2025-06-12,2025-06,0,0.34125313
2025-06-12,2025-06,0,0.34125313
2025-06-12,2025-06,0,0.4583487
2025-06-12,2025-06,0,0.4583487
2025-06-12,2025-06,0,0.4583487
2025-06-12,2025-06,0,0.4583487
2025-06-12,2025-06,0,0.4583487
2025-06-12,2025-06,0,0.4583487
2025-06-12,2025-06,0,0.4583487
2025-06-12,2025-06,0,0.4583487
2025-06-12,2025-06,0,0.36122105
2025-06-12,2025-06,0,0.36122105
2025-06-12,2025-06,0,0.36122105
2025-06-12,2025-06,0,0.36122105
2025-06-12,2025-06,0,0.36122105
2025-06-12,2025-06,0,0.36122105
2025-06-12,2025-06,0,0.36122105
2025-06-12,2025-06,0,0.4553197
2025-06-12,2025-06,0,0.4553197
2025-06-12,2025-06,0,0.4553197
2025-06-12,2025-06,0,0.4553197
2025-06-12,2025-06,0,0.4553197
2025-06-12,2025-06,0,0.4553197
2025-06-12,2025-06,0,0.4553197
2025-06-12,2025-06,0,0.43431133
2025-06-12,2025-06,0,0.43431133
2025-06-12,2025-06,0,0.43431133
2025-06-12,2025-06,0,0.43431133
2025-06-12,2025-06,0,0.43431133
2025-06-12,2025-06,0,0.43431133
2025-06-12,2025-06,0,0.43431133
2025-06-12,2025-06,0,0.42712787
2025-06-12,2025-06,0,0.42712787
2025-06-12,2025-06,0,0.42712787
2025-06-12,2025-06,0,0.42712787
2025-06-12,2025-06,1,0.42712787
2025-06-12,2025-06,1,0.42712787
2025-06-13,2025-06,0,0.31906834
2025-06-13,2025-06,0,0.31906834
2025-06-13,2025-06,0,0.31906834
2025-06-13,2025-06,0,0.31906834
2025-06-13,2025-06,0,0.31906834
2025-06-13,2025-06,0,0.31906834
2025-06-13,2025-06,0,0.31906834
2025-06-13,2025-06,0,0.31906834
2025-06-13,2025-06,0,0.45448732
2025-06-13,2025-06,0,0.45448732
2025-06-13,2025-06,0,0.45448732
2025-06-13,2025-06,0,0.26564226
2025-06-13,2025-06,0,0.26564226
2025-06-13,2025-06,0,0.26564226
2025-06-13,2025-06,1,0.26564226
2025-06-13,2025-06,0,0.26564226
2025-06-13,2025-06,0,0.26564226
2025-06-13,2025-06,0,0.26564226
2025-06-13,2025-06,0,0.26564226
2025-06-16,2025-06,0,0.28477487
2025-06-16,2025-06,0,0.28477487
2025-06-16,2025-06,0,0.28477487
2025-06-16,2025-06,1,0.28477487
2025-06-16,2025-06,0,0.28477487
2025-06-16,2025-06,0,0.28477487
2025-06-16,2025-06,0,0.28477487
2025-06-16,2025-06,0,0.28477487
2025-06-25,2025-06,0,0.49248183
2025-06-25,2025-06,0,0.49248183
2025-06-25,2025-06,0,0.49248183
2025-06-25,2025-06,0,0.49248183
2025-06-25,2025-06,0,0.49248183
2025-06-25,2025-06,0,0.49248183
2025-06-25,2025-06,0,0.49248183
2025-06-25,2025-06,0,0.5183214
2025-06-25,2025-06,0,0.5183214
2025-06-25,2025-06,0,0.5429617
2025-06-25,2025-06,0,0.5429617
2025-06-25,2025-06,0,0.5429617
2025-06-25,2025-06,0,0.5429617
2025-06-25,2025-06,0,0.5429617
2025-06-25,2025-06,0,0.47690037
2025-06-25,2025-06,0,0.47690037
2025-06-25,2025-06,1,0.47690037
2025-06-27,2025-06,0,0.35964522
2025-06-27,2025-06,0,0.35964522
2025-06-27,2025-06,0,0.35964522
2025-06-27,2025-06,0,0.35964522
2025-06-27,2025-06,0,0.35964522
2025-07-01,2025-07,0,0.3047654
2025-07-01,2025-07,0,0.3047654
2025-07-01,2025-07,0,0.3047654
2025-07-01,2025-07,1,0.3047654
2025-07-01,2025-07,0,0.3047654
2025-07-01,2025-07,0,0.3047654
2025-07-01,2025-07,0,0.3047654
2025-07-01,2025-07,0,0.3047654
2025-07-01,2025-07,0,0.49492282
2025-07-01,2025-07,1,0.49492282
2025-07-01,2025-07,0,0.49492282
2025-07-01,2025-07,0,0.49492282
2025-07-01,2025-07,0,0.49492282
2025-07-01,2025-07,0,0.49492282
2025-07-01,2025-07,0,0.49492282
2025-07-03,2025-07,1,0.3996652
2025-07-03,2025-07,0,0.3996652
2025-07-03,2025-07,0,0.3996652
2025-07-03,2025-07,0,0.3996652
2025-07-03,2025-07,0,0.3996652
2025-07-03,2025-07,0,0.39600977
2025-07-03,2025-07,0,0.39600977
2025-07-03,2025-07,0,0.39600977
2025-07-03,2025-07,0,0.39600977
2025-07-03,2025-07,0,0.39600977
2025-07-03,2025-07,0,0.39600977
2025-07-03,2025-07,0,0.39600977
2025-07-08,2025-07,0,0.47985405
2025-07-08,2025-07,0,0.47985405
2025-07-08,2025-07,0,0.47985405
2025-07-08,2025-07,0,0.47985405
2025-07-08,2025-07,0,0.47985405
2025-07-08,2025-07,0,0.47985405
2025-07-10,2025-07,0,0.41193864
2025-07-10,2025-07,0,0.41193864
2025-07-10,2025-07,0,0.41193864
2025-07-11,2025-07,0,0.42055497
2025-07-11,2025-07,0,0.42055497
2025-07-11,2025-07,0,0.42055497
2025-07-11,2025-07,0,0.42055497
2025-07-11,2025-07,0,0.42055497
2025-07-11,2025-07,0,0.42055497
2025-07-11,2025-07,0,0.42055497
2025-07-21,2025-07,0,0.4047133
2025-07-21,2025-07,0,0.4047133
2025-07-21,2025-07,1,0.4047133
2025-07-21,2025-07,0,0.4047133
2025-07-21,2025-07,0,0.4047133
2025-07-21,2025-07,0,0.4047133
2025-07-21,2025-07,0,0.4047133
2025-07-21,2025-07,0,0.45592526
2025-07-21,2025-07,0,0.45592526
2025-07-21,2025-07,0,0.45592526
2025-07-21,2025-07,0,0.45592526
2025-07-21,2025-07,0,0.45592526
2025-07-21,2025-07,0,0.45592526
2025-07-21,2025-07,0,0.45592526
2025-07-21,2025-07,0,0.4739844
2025-07-21,2025-07,0,0.4739844
2025-07-21,2025-07,0,0.4739844
2025-07-21,2025-07,0,0.4739844
2025-07-21,2025-07,0,0.4739844
2025-07-21,2025-07,0,0.4739844
2025-07-21,2025-07,0,0.4739844
2025-07-30,2025-07,0,0.3710227
2025-07-30,2025-07,0,0.3710227
2025-07-30,2025-07,0,0.3710227
2025-07-30,2025-07,0,0.3710227
2025-07-30,2025-07,0,0.3710227
2025-07-30,2025-07,0,0.3710227
2025-07-30,2025-07,0,0.3710227
2025-08-01,2025-08,0,0.48268437
2025-08-01,2025-08,0,0.48268437
2025-08-01,2025-08,0,0.48268437
2025-08-01,2025-08,0,0.48268437
2025-08-01,2025-08,0,0.48268437
2025-08-01,2025-08,0,0.48268437
2025-08-01,2025-08,0,0.48268437
2025-08-01,2025-08,0,0.48268437
2025-08-04,2025-08,0,0.5287311
2025-08-04,2025-08,0,0.5287311
2025-08-04,2025-08,0,0.5287311
2025-08-04,2025-08,0,0.5287311
2025-08-04,2025-08,1,0.5287311
2025-08-04,2025-08,0,0.5287311
2025-08-04,2025-08,0,0.5287311
2025-08-07,2025-08,0,0.46954215
2025-08-07,2025-08,0,0.46954215
2025-08-07,2025-08,1,0.46954215
2025-08-07,2025-08,0,0.46954215
2025-08-07,2025-08,0,0.46954215
2025-08-07,2025-08,0,0.46954215
2025-08-07,2025-08,0,0.46954215
2025-08-08,2025-08,0,0.42697853
2025-08-08,2025-08,0,0.42697853
2025-08-08,2025-08,0,0.42697853
2025-08-19,2025-08,0,0.5607864
2025-08-19,2025-08,0,0.5607864
2025-08-19,2025-08,1,0.5607864
2025-08-19,2025-08,0,0.5607864
2025-08-19,2025-08,0,0.5607864
2025-08-19,2025-08,0,0.5607864
2025-08-19,2025-08,0,0.5607864
2025-08-19,2025-08,0,0.44907555
2025-08-19,2025-08,0,0.44907555
2025-08-19,2025-08,0,0.44907555
2025-08-21,2025-08,0,0.4512358
2025-08-21,2025-08,1,0.4512358
2025-08-21,2025-08,1,0.4512358
2025-08-21,2025-08,0,0.4512358
2025-08-21,2025-08,1,0.4512358
2025-08-21,2025-08,1,0.4512358
2025-08-21,2025-08,0,0.4512358
2025-08-25,2025-08,0,0.4871971
2025-08-25,2025-08,0,0.4871971
2025-08-25,2025-08,0,0.4871971
2025-08-25,2025-08,0,0.4871971
2025-08-25,2025-08,0,0.4871971
2025-08-25,2025-08,0,0.5645637
2025-08-25,2025-08,0,0.5645637
2025-08-25,2025-08,0,0.5645637
2025-08-25,2025-08,0,0.5645637
2025-08-25,2025-08,0,0.5645637
2025-08-25,2025-08,0,0.4489547
2025-08-25,2025-08,1,0.4489547
2025-08-25,2025-08,1,0.4489547
2025-08-25,2025-08,0,0.4489547
2025-08-25,2025-08,1,0.4489547
2025-08-25,2025-08,1,0.4489547
2025-08-25,2025-08,0,0.4489547
2025-08-27,2025-08,0,0.33420908
2025-08-27,2025-08,0,0.33420908
2025-08-27,2025-08,0,0.33420908
2025-08-27,2025-08,1,0.33420908
2025-08-27,2025-08,0,0.33420908
2025-08-27,2025-08,0,0.33420908
2025-08-27,2025-08,0,0.33420908
2025-08-27,2025-08,0,0.33420908
2025-08-27,2025-08,0,0.32284614
2025-08-27,2025-08,0,0.32284614
2025-08-27,2025-08,0,0.32284614
2025-08-27,2025-08,1,0.32284614
2025-08-27,2025-08,0,0.32284614
2025-08-27,2025-08,0,0.32284614
2025-08-27,2025-08,0,0.32284614
2025-08-27,2025-08,0,0.32284614
2025-08-28,2025-08,0,0.26999876
2025-08-28,2025-08,0,0.26999876
2025-08-28,2025-08,0,0.26999876
2025-08-28,2025-08,1,0.26999876
2025-08-28,2025-08,0,0.26999876
2025-08-28,2025-08,0,0.26999876
2025-08-28,2025-08,0,0.26999876
2025-09-15,2025-09,0,0.44738486
2025-09-15,2025-09,0,0.44738486
2025-09-15,2025-09,1,0.44738486
2025-09-15,2025-09,1,0.44738486
2025-09-15,2025-09,0,0.44738486
2025-09-15,2025-09,0,0.44738486
2025-09-15,2025-09,0,0.44738486
2025-09-15,2025-09,0,0.3455468
2025-09-15,2025-09,0,0.3455468
2025-09-15,2025-09,0,0.3455468
2025-09-15,2025-09,0,0.3455468
2025-09-15,2025-09,0,0.3455468
2025-09-15,2025-09,0,0.3455468
2025-09-15,2025-09,0,0.3455468
2025-09-15,2025-09,0,0.3455468
2025-09-16,2025-09,0,0.47674143
2025-09-16,2025-09,0,0.47674143
2025-09-16,2025-09,1,0.47674143
2025-09-16,2025-09,1,0.47674143
2025-09-16,2025-09,0,0.47674143
2025-09-16,2025-09,0,0.47674143
2025-09-16,2025-09,0,0.47674143
2025-09-24,2025-09,0,0.43495622
2025-09-24,2025-09,0,0.43495622
2025-09-24,2025-09,0,0.43495622
2025-09-24,2025-09,0,0.43495622
2025-09-24,2025-09,0,0.43495622
2025-09-24,2025-09,0,0.43495622
2025-09-26,2025-09,0,0.44363055
2025-09-26,2025-09,0,0.44363055
2025-09-26,2025-09,1,0.44363055
2025-09-26,2025-09,1,0.44363055
2025-09-26,2025-09,0,0.44363055
2025-09-26,2025-09,0,0.44363055
2025-09-26,2025-09,0,0.44363055
2025-10-02,2025-10,0,0.40192252
2025-10-02,2025-10,0,0.40192252
2025-10-02,2025-10,0,0.40192252
2025-10-02,2025-10,0,0.40192252
2025-10-02,2025-10,0,0.40192252
2025-11-19,2025-11,0,0.4726473
2025-11-19,2025-11,0,0.4726473
2025-11-19,2025-11,0,0.4726473
2025-11-19,2025-11,0,0.4726473
2025-11-19,2025-11,0,0.4726473
2025-11-19,2025-11,0,0.4726473
2025-11-19,2025-11,0,0.4726473
2025-11-21,2025-11,0,0.49007162
2025-11-21,2025-11,1,0.49007162
2025-11-21,2025-11,0,0.49007162
2025-11-21,2025-11,0,0.49007162
2025-11-21,2025-11,0,0.49007162
2025-11-21,2025-11,0,0.49007162
2025-11-21,2025-11,0,0.49007162
2025-11-21,2025-11,0,0.34620968
2025-11-21,2025-11,0,0.34620968
2025-11-21,2025-11,0,0.34620968
2025-11-24,2025-11,0,0.30637136
2025-11-24,2025-11,0,0.30637136
2025-11-24,2025-11,0,0.30637136
2025-11-24,2025-11,0,0.30637136
2025-11-24,2025-11,0,0.30637136
2025-11-24,2025-11,0,0.30637136
2025-11-24,2025-11,0,0.30637136
2025-11-24,2025-11,0,0.30637136
2025-11-24,2025-11,0,0.44328412
2025-11-24,2025-11,0,0.44328412
2025-11-24,2025-11,0,0.44328412
2025-11-24,2025-11,0,0.44328412
2025-11-24,2025-11,0,0.44328412
2025-11-24,2025-11,0,0.44328412
2025-11-24,2025-11,0,0.44328412
2025-01-06,2025-01,0,0.44575572
2025-01-06,2025-01,0,0.44575572
2025-01-06,2025-01,0,0.44575572
2025-01-06,2025-01,0,0.44575572
2025-01-08,2025-01,0,0.5607187
2025-01-08,2025-01,0,0.5607187
2025-01-08,2025-01,0,0.5607187
2025-01-08,2025-01,0,0.5607187
2025-01-08,2025-01,0,0.5607187
2025-01-08,2025-01,0,0.5518002
2025-01-08,2025-01,0,0.5518002
2025-01-08,2025-01,0,0.5518002
2025-01-08,2025-01,0,0.5518002
2025-01-08,2025-01,0,0.5518002
2025-01-08,2025-01,0,0.39987022
2025-01-08,2025-01,1,0.39987022
2025-01-08,2025-01,0,0.39987022
2025-01-08,2025-01,0,0.39987022
2025-01-08,2025-01,0,0.39987022
2025-01-08,2025-01,1,0.39987022
2025-01-08,2025-01,1,0.5460801
2025-01-08,2025-01,0,0.5460801
2025-01-08,2025-01,0,0.5460801
2025-01-08,2025-01,0,0.5460801
2025-01-08,2025-01,0,0.5460801
2025-01-08,2025-01,0,0.5322276
2025-01-08,2025-01,0,0.5322276
2025-01-08,2025-01,0,0.5322276
2025-01-08,2025-01,0,0.5322276
2025-01-08,2025-01,0,0.5322276
2025-01-08,2025-01,0,0.5322276
2025-01-08,2025-01,0,0.5322276
2025-01-08,2025-01,1,0.43599156
2025-01-08,2025-01,0,0.43599156
2025-01-08,2025-01,0,0.43599156
2025-01-08,2025-01,0,0.43599156
2025-01-08,2025-01,0,0.43599156
2025-01-08,2025-01,0,0.43599156
2025-01-08,2025-01,0,0.43599156
2025-01-08,2025-01,1,0.5008297
2025-01-08,2025-01,0,0.5008297
2025-01-08,2025-01,0,0.5008297
2025-01-08,2025-01,0,0.5008297
2025-01-08,2025-01,0,0.5008297
2025-01-08,2025-01,0,0.5008297
2025-01-08,2025-01,0,0.5008297
2025-01-09,2025-01,1,0.4615249
2025-01-09,2025-01,1,0.4615249
2025-01-09,2025-01,1,0.4615249
2025-01-09,2025-01,0,0.4615249
2025-01-09,2025-01,0,0.4615249
2025-01-09,2025-01,0,0.47638932
2025-01-09,2025-01,0,0.47638932
2025-01-09,2025-01,1,0.47638932
2025-01-13,2025-01,0,0.5746037
2025-01-13,2025-01,0,0.5746037
2025-01-13,2025-01,0,0.5746037
2025-01-13,2025-01,0,0.5746037
2025-01-13,2025-01,0,0.5746037
2025-01-13,2025-01,0,0.5746037
2025-01-13,2025-01,0,0.5746037
2025-01-16,2025-01,0,0.5911333
2025-01-16,2025-01,1,0.5911333
2025-01-16,2025-01,0,0.5911333
2025-01-16,2025-01,1,0.5911333
2025-01-16,2025-01,0,0.5911333
2025-01-21,2025-01,0,0.3373127
2025-01-21,2025-01,0,0.3373127
2025-01-21,2025-01,0,0.3373127
2025-01-21,2025-01,0,0.3373127
2025-01-21,2025-01,0,0.3373127
2025-01-21,2025-01,0,0.3373127
2025-01-21,2025-01,0,0.3373127
2025-01-21,2025-01,0,0.3373127
2025-01-22,2025-01,1,0.5054486
2025-01-22,2025-01,0,0.5054486
2025-01-22,2025-01,0,0.5054486
2025-01-22,2025-01,0,0.5054486
2025-01-22,2025-01,0,0.5054486
2025-01-22,2025-01,0,0.5054486
2025-01-22,2025-01,0,0.37647983
2025-01-22,2025-01,1,0.37647983
2025-01-22,2025-01,0,0.37647983
2025-01-22,2025-01,1,0.37647983
2025-01-22,2025-01,0,0.37647983
2025-01-22,2025-01,0,0.37647983
2025-01-22,2025-01,0,0.37647983
2025-01-22,2025-01,0,0.5419846
2025-01-22,2025-01,0,0.5419846
2025-01-22,2025-01,0,0.5419846
2025-01-22,2025-01,0,0.5419846
2025-01-22,2025-01,0,0.5419846
2025-01-22,2025-01,0,0.5419846
2025-01-22,2025-01,1,0.48142144
2025-01-22,2025-01,1,0.48142144
2025-01-22,2025-01,1,0.48142144
2025-01-28,2025-01,0,0.48170525
2025-01-28,2025-01,0,0.48170525
2025-01-28,2025-01,1,0.48170525
2025-01-28,2025-01,0,0.48170525
2025-01-28,2025-01,0,0.48170525
2025-01-30,2025-01,0,0.5196937
2025-01-30,2025-01,1,0.5196937
2025-01-30,2025-01,0,0.5196937
2025-01-30,2025-01,1,0.5196937
2025-01-30,2025-01,1,0.5196937
2025-01-30,2025-01,1,0.5196937
2025-01-30,2025-01,0,0.5196937
2025-01-30,2025-01,0,0.5196937
2025-02-03,2025-02,0,0.5336367
2025-02-03,2025-02,0,0.5336367
2025-02-03,2025-02,0,0.5336367
2025-02-03,2025-02,1,0.5336367
2025-02-03,2025-02,0,0.5336367
2025-02-03,2025-02,1,0.5336367
2025-02-03,2025-02,0,0.5336367
2025-02-03,2025-02,0,0.5336367
2025-03-10,2025-03,0,0.38928527
2025-03-10,2025-03,0,0.38928527
2025-03-10,2025-03,0,0.38928527
2025-03-10,2025-03,0,0.38928527
2025-03-10,2025-03,0,0.38928527
2025-03-10,2025-03,0,0.38928527
2025-03-10,2025-03,0,0.38928527
2025-03-10,2025-03,0,0.38928527
2025-03-10,2025-03,0,0.3443883
2025-03-10,2025-03,0,0.3443883
2025-03-10,2025-03,0,0.3443883
2025-03-10,2025-03,0,0.3443883
2025-03-10,2025-03,0,0.3443883
2025-03-10,2025-03,0,0.3443883
2025-03-10,2025-03,0,0.3443883
2025-03-10,2025-03,0,0.3443883
2025-03-19,2025-03,0,0.36880344
2025-03-19,2025-03,0,0.36880344
2025-03-19,2025-03,0,0.36880344
2025-03-19,2025-03,0,0.36880344
2025-03-19,2025-03,0,0.36880344
2025-03-19,2025-03,0,0.36880344
2025-03-31,2025-03,0,0.46053153
2025-03-31,2025-03,0,0.46053153
2025-03-31,2025-03,0,0.46053153
2025-03-31,2025-03,1,0.46053153
2025-03-31,2025-03,0,0.46053153
2025-03-31,2025-03,0,0.46053153
2025-03-31,2025-03,0,0.46053153
2025-03-31,2025-03,0,0.46053153
2025-04-22,2025-04,0,0.5231729
2025-04-22,2025-04,0,0.5231729
2025-04-22,2025-04,0,0.5231729
2025-04-22,2025-04,0,0.5231729
2025-04-22,2025-04,0,0.5231729
2025-04-22,2025-04,0,0.5231729
2025-07-30,2025-07,0,0.37307605
2025-07-30,2025-07,1,0.37307605
2025-07-30,2025-07,0,0.37307605
2025-07-30,2025-07,0,0.37307605
2025-07-30,2025-07,0,0.37307605
2025-07-30,2025-07,0,0.37307605
2025-07-30,2025-07,1,0.37307605
2025-08-01,2025-08,0,0.388618
2025-08-01,2025-08,0,0.388618
2025-08-01,2025-08,0,0.388618
2025-08-01,2025-08,0,0.388618
2025-08-08,2025-08,0,0.38390112
2025-08-08,2025-08,0,0.38390112
2025-08-08,2025-08,0,0.38390112
2025-08-08,2025-08,1,0.38390112
2025-08-08,2025-08,0,0.38390112
2025-08-08,2025-08,0,0.38390112
2025-08-08,2025-08,0,0.38390112
2025-08-08,2025-08,0,0.38390112
2025-08-13,2025-08,0,0.368775
2025-08-13,2025-08,0,0.368775
2025-08-13,2025-08,0,0.368775
2025-08-13,2025-08,0,0.368775
2025-08-13,2025-08,0,0.368775
2025-08-13,2025-08,0,0.368775
2025-08-13,2025-08,0,0.368775
2025-08-13,2025-08,0,0.368775
2025-08-14,2025-08,0,0.3346438
2025-08-14,2025-08,0,0.3346438
2025-08-14,2025-08,0,0.3346438
2025-08-14,2025-08,0,0.3346438
2025-08-14,2025-08,0,0.3346438
2025-08-14,2025-08,0,0.3346438
2025-08-14,2025-08,0,0.3346438
2025-08-22,2025-08,0,0.2946207
2025-08-22,2025-08,0,0.2946207
2025-08-22,2025-08,0,0.2946207
2025-08-22,2025-08,0,0.2946207
2025-08-22,2025-08,0,0.2946207
2025-08-22,2025-08,0,0.2946207
2025-08-22,2025-08,0,0.2946207
2025-08-29,2025-08,0,0.31011954
2025-08-29,2025-08,0,0.31011954
2025-08-29,2025-08,0,0.31011954
2025-08-29,2025-08,1,0.31011954
2025-08-29,2025-08,0,0.31011954
2025-08-29,2025-08,0,0.31011954
2025-08-29,2025-08,0,0.31011954
2025-08-29,2025-08,0,0.31011954
2025-09-09,2025-09,0,0.37439033
2025-09-09,2025-09,0,0.37439033
2025-09-09,2025-09,1,0.37439033
2025-09-09,2025-09,0,0.37439033
2025-09-09,2025-09,0,0.37439033
2025-09-09,2025-09,0,0.37439033
2025-09-09,2025-09,0,0.37439033
2025-09-09,2025-09,0,0.37439033
2025-09-10,2025-09,0,0.49388918
2025-09-10,2025-09,0,0.49388918
2025-09-10,2025-09,0,0.49388918
2025-09-10,2025-09,0,0.49388918
2025-09-10,2025-09,0,0.49388918
2025-09-10,2025-09,0,0.49388918
2025-09-10,2025-09,0,0.49388918
2025-09-10,2025-09,0,0.39896247
2025-09-10,2025-09,0,0.39896247
2025-09-24,2025-09,0,0.49217668
2025-09-24,2025-09,0,0.49217668
2025-09-24,2025-09,1,0.49217668
2025-09-24,2025-09,0,0.49217668
2025-09-24,2025-09,0,0.49217668
2025-09-24,2025-09,0,0.49217668
2025-09-24,2025-09,0,0.49217668
2025-09-29,2025-09,0,0.55986166
2025-09-29,2025-09,0,0.55986166
2025-09-29,2025-09,1,0.55986166
2025-09-29,2025-09,1,0.55986166
2025-09-29,2025-09,0,0.55986166
2025-09-29,2025-09,0,0.55986166
2025-09-29,2025-09,0,0.55986166
2025-01-09,2025-01,0,0.45893973
2025-01-09,2025-01,0,0.45893973
2025-01-09,2025-01,0,0.45893973
2025-01-09,2025-01,0,0.45893973
2025-01-09,2025-01,0,0.45893973
2025-01-09,2025-01,0,0.45893973
2025-01-09,2025-01,0,0.45893973
2025-01-09,2025-01,1,0.45893973
2025-01-24,2025-01,0,0.32455644
2025-01-24,2025-01,1,0.32455644
2025-01-24,2025-01,0,0.32455644
2025-01-24,2025-01,1,0.32455644
2025-01-24,2025-01,1,0.32455644
2025-01-24,2025-01,1,0.32455644
2025-01-24,2025-01,0,0.32455644
2025-01-24,2025-01,0,0.32455644
2025-05-14,2025-05,0,0.5056684
2025-05-14,2025-05,0,0.5056684
2025-05-14,2025-05,0,0.5056684
2025-05-14,2025-05,0,0.5056684
2025-05-14,2025-05,0,0.5056684
2025-05-19,2025-05,0,0.4946635
2025-05-19,2025-05,0,0.4946635
2025-05-19,2025-05,0,0.4946635
2025-05-19,2025-05,0,0.4946635
2025-05-19,2025-05,0,0.4946635
2025-05-19,2025-05,0,0.4946635
2025-05-19,2025-05,0,0.5596661
2025-05-19,2025-05,0,0.5596661
2025-05-19,2025-05,0,0.5596661
2025-06-02,2025-06,0,0.48542818
2025-06-02,2025-06,0,0.48542818
2025-06-04,2025-06,0,0.3800397
2025-06-04,2025-06,0,0.3800397
2025-06-04,2025-06,0,0.3800397
2025-06-04,2025-06,0,0.3800397
2025-06-04,2025-06,0,0.3800397
2025-06-04,2025-06,0,0.3800397
2025-06-04,2025-06,0,0.3800397
2025-07-03,2025-07,0,0.5571677
2025-07-03,2025-07,0,0.5571677
2025-07-03,2025-07,0,0.5571677
2025-07-03,2025-07,0,0.5571677
2025-07-03,2025-07,0,0.5571677
2025-07-03,2025-07,0,0.5571677
2025-07-04,2025-07,0,0.47969025
2025-07-04,2025-07,1,0.47969025
2025-07-04,2025-07,1,0.47969025
2025-07-04,2025-07,0,0.47969025
2025-07-04,2025-07,1,0.47969025
2025-07-04,2025-07,1,0.47969025
2025-07-04,2025-07,0,0.47969025
2025-07-09,2025-07,0,0.48652592
2025-07-09,2025-07,0,0.48652592
2025-07-09,2025-07,0,0.48652592
2025-07-09,2025-07,0,0.48652592
2025-07-09,2025-07,0,0.48652592
2025-07-21,2025-07,0,0.32018328
2025-07-21,2025-07,0,0.32018328
2025-07-21,2025-07,0,0.32018328
2025-07-21,2025-07,1,0.32018328
2025-07-21,2025-07,0,0.32018328
2025-07-21,2025-07,0,0.32018328
2025-07-21,2025-07,0,0.32018328
2025-07-21,2025-07,0,0.32018328
2025-09-15,2025-09,0,0.25916883
2025-09-15,2025-09,0,0.25916883
2025-09-15,2025-09,0,0.25916883
2025-09-15,2025-09,0,0.25916883
2025-09-15,2025-09,0,0.25916883
2025-09-15,2025-09,0,0.25916883
2025-09-15,2025-09,0,0.25916883
2025-09-15,2025-09,0,0.25916883
2025-09-19,2025-09,0,0.56172574
2025-09-19,2025-09,0,0.56172574
2025-09-19,2025-09,0,0.5616957
