country,isic2,upstreamness,downstreamness,u_n,u_d,d_n,d_d,dd_logU,centrality
IDN,1,2.132969687083969,1.617651468311156,22004252.46503899,10483368.25949021,7495488.179483877,5167663.167172449,.75751525,.75840342
IDN,2,2.420603585702161,1.64725149272311,15134040.79823827,7209318.801332154,5153305.234256526,3552860.09256302,.88401693,.68051273
IDN,3,1.89782228043701,1.569095513193339,21932795.03396033,10452230.18070519,7461555.004137075,5150724.176784143,.64070708,.82678735
IDN,5,3.558208166551521,1.632484858635487,39939708.19508162,10806968.33720127,2221081.856918187,1513291.291206598,1.2692571,.45879409
IDN,6,3.558208166551522,1.632484858635488,39939708.19508162,10806968.33720127,2221081.856918187,1513291.291206598,1.2692571,.45879409
IDN,7,3.558208166551522,1.632484858635487,39939708.19508163,10806968.33720127,2221081.856918187,1513291.291206598,1.2692571,.45879409
IDN,8,3.558208166551522,1.632484858635488,39939708.19508162,10806968.33720127,2221081.856918187,1513291.291206598,1.2692571,.45879409
IDN,9,3.558208166551522,1.632484858635487,39939708.19508163,10806968.33720127,2221081.856918187,1513291.291206598,1.2692571,.45879409
IDN,10,1.583554016645545,2.150166097006903,10977947.46904048,7339312.560459968,26041281.57861693,13013420.13016381,.45967171,.73647988
IDN,11,1.583554016645545,2.150166097006903,10977947.46904048,7339312.560459968,26041281.57861694,13013420.13016381,.45967171,.73647988
IDN,12,1.583554016645545,2.150166097006904,10977947.46904048,7339312.560459969,26041281.57861693,13013420.13016381,.45967171,.73647988
IDN,13,1.449722673810263,2.509465330607281,3340890.069555652,1599398.166030673,4658649.109539486,1963694.595540968,.37137228,.57770181
IDN,14,1.449722673810263,2.509465330607281,3340890.069555652,1599398.166030673,4658649.109539486,1963694.595540968,.37137228,.57770181
IDN,15,1.449722673810263,2.509465330607281,3340890.069555652,1599398.166030673,4658649.109539486,1963694.595540968,.37137228,.57770181
IDN,16,2.542524924856852,2.135049128213238,6824118.170030132,2448665.847953804,1336645.071333177,640049.7006328731,.93315762,.83973575
IDN,17,3.092381591059813,2.396722020768726,6834881.704986705,2451241.010189735,1339401.068826714,641097.3681293324,1.1289415,.77504086
IDN,18,3.092381591059813,2.396722020768726,6834881.704986705,2451241.010189735,1339401.068826714,641097.3681293324,1.1289415,.77504086
IDN,19,2.728856272053058,2.181454371209654,12314914.04003964,4698509.535203113,5736243.224644192,2832889.482773802,1.0038825,.79940242
IDN,20,2.830627943529248,2.352683184222136,12294167.56137622,4690401.705273069,5726127.919794737,2827882.127860867,1.0404986,.83115238
IDN,21,1.675788507230745,1.870057481564952,22476818.63812461,8578357.854885109,10466154.92755795,5171767.177589372,.51628381,.89611602
IDN,22,2.540177531689981,2.334633583692383,12272041.59013244,4683306.354047916,5714579.267000485,2823059.495373067,.93223399,.91908282
IDN,23,2.246437268862854,2.243750798318104,12270154.28131234,4683293.539074095,5709694.50193119,2821077.489022832,.80934554,.99880409
IDN,24,2.960011155718146,2.362268858271335,2438701.412154302,944305.3752582042,498685.4185414268,215949.5402725103,1.085193,.79806077
IDN,25,2.504685607776054,2.286815707240859,3561939.633144438,1380990.085055018,735794.374675016,318875.1294965333,.91816324,.91301507
IDN,26,1.919483625538984,2.551907151443355,5394118.794969137,2324004.222005453,5810396.534602659,2534929.165188774,.65205622,.75217611
IDN,27,2.36026775387579,2.178976200940928,9891528.974430319,4258490.572563109,10604677.32007564,4630626.791013478,.85877508,.92319024
IDN,28,2.012746392542368,2.574441869080936,5383976.435313355,2318570.938483173,5786701.90705445,2525977.584597927,.69950014,.78181857
IDN,29,1.707025695113094,2.287518652978672,5799785.419522192,3024890.656791133,6594427.798422221,3233160.274447484,.53475249,.74623466
IDN,30,1.641555510713359,2.33859120909215,3980968.845716454,2075490.074810337,4512259.138923015,2214246.92135461,.49564427,.70194203
IDN,31,1.539410567556343,2.291681307074525,530276.0036979531,372681.5979779087,1690666.962133956,752355.0159113131,.43139958,.67173851
IDN,32,1.539410567556343,2.291681307074525,530276.0036979531,372681.5979779087,1690666.962133956,752355.0159113132,.43139958,.67173851
IDN,33,1.539410567556343,2.291681307074525,530276.0036979531,372681.5979779088,1690666.962133957,752355.0159113132,.43139958,.67173851
IDN,35,2.621723773165208,2.463863414295232,1526886.324223786,593026.7517529263,1124480.397250065,545369.3797218205,.96383202,.93978757
IDN,36,2.02192236420033,2.365254942987465,1514576.292194797,588344.1109433325,1118338.799704086,542374.1914030545,.70404875,.85484332
IDN,37,2.021922364200331,2.365254942987465,1514576.292194797,588344.1109433325,1118338.799704086,542374.1914030545,.70404875,.85484332
IDN,38,1.98642950113027,2.374747831376208,1460078.164482293,584250.399626193,1276315.38347645,598489.08949168,.68633878,.8364802
IDN,39,2.02192236420033,2.365254942987465,1514576.292194797,588344.1109433325,1118338.799704086,542374.1914030546,.70404875,.85484332
IDN,41,1.156799098027709,2.195441437015441,6191649.498343805,5701594.485598086,38312843.96701404,16482278.3852066,.14565679,.52690959
IDN,42,1.156799098027709,2.195441437015441,6191649.498343805,5701594.485598086,38312843.96701404,16482278.3852066,.14565679,.52690959
IDN,43,1.156799098027709,2.195441437015441,6191649.498343805,5701594.485598086,38312843.96701404,16482278.3852066,.14565679,.52690959
IDN,45,2.156219911712023,1.671967262471115,9995367.034213599,4436759.606969507,2869515.787202328,1838333.203432968,.76835662,.77541596
IDN,46,2.156219911712024,1.671967262471116,9995367.034213597,4436759.606969508,2869515.787202328,1838333.203432968,.76835662,.77541596
IDN,47,2.156219911712024,1.671967262471115,9995367.034213597,4436759.606969508,2869515.787202328,1838333.203432968,.76835662,.77541596
IDN,49,2.082836666147577,1.975666563939462,7542698.823621589,3460959.603719702,6162756.555087375,3024626.347221859,.73373073,.94854611
IDN,50,2.455608115221384,2.264585765961465,7506364.723433438,3442634.706856376,6134283.718969375,3009642.40812498,.89837444,.92220974
IDN,51,1.748779010098045,2.438999338261154,7519159.790329253,3451919.341381931,6190390.272727113,3032074.638444484,.55891782,.71700674
IDN,52,2.630575398128442,1.802825963374359,7516220.392399102,3446100.285391697,6129166.206954071,3008047.875668863,.9672026,.68533522
IDN,53,2.340712267728333,1.846228258212946,13745839.01377305,6305072.544175024,11229134.90969474,5510531.426709838,.85045528,.78874636
IDN,55,1.346203621280464,1.980547259783028,3184280.302681644,2307420.88762136,8596409.552299293,4296214.123562978,.29728851,.67971295
IDN,56,1.427464939258418,2.035095818471022,5809748.089854022,4207745.013117786,15690618.85288895,7840126.065492899,.35590011,.70142394
IDN,58,2.079568344624292,1.95108400843024,13958.49163461176,6718.226362573647,11547.97003858375,5919.102953128159,.73216033,.93821585
IDN,59,2.079568344624292,1.95108400843024,13958.49163461176,6718.226362573645,11547.97003858375,5919.102953128159,.73216033,.93821585
IDN,60,2.079568344624292,1.95108400843024,13958.49163461176,6718.226362573647,11547.97003858375,5919.102953128159,.73216033,.93821585
IDN,61,1.969963448120468,1.701047442740296,2654457.446453094,1243829.829708264,980425.3866428331,713773.2263677343,.67801499,.86349189
IDN,62,1.991172547594969,1.693554299066507,1826596.682437036,855947.1979867032,675125.682021089,491364.495661526,.68872368,.85053116
IDN,63,1.991172547594969,1.693554299066507,1826596.682437036,855947.1979867032,675125.682021089,491364.495661526,.68872368,.85053116
IDN,64,2.293950279443342,1.579648916736629,19201008.24859442,9519301.057884291,9734425.457817318,6504212.187362364,.83027536,.68861514
IDN,65,2.241865598604433,1.636497385112413,35119285.00404797,17417005.64119627,17821312.73036396,11907750.37781292,.80730838,.72997123
IDN,66,2.241865598604434,1.636497385112413,35119285.00404797,17417005.64119627,17821312.73036396,11907750.37781292,.80730838,.72997123
IDN,68,1.229051359814576,1.342729250383922,37720.64801110015,30731.34739619509,44177.24778992051,32939.849735378,.20624262,.91533822
IDN,69,2.279772072972102,1.730479612976383,34801.53064365614,13661.82137670744,9613.52803496874,5519.614854985455,.82407546,.75905818
IDN,70,2.279772072972102,1.730479612976383,34801.53064365614,13661.82137670744,9613.52803496874,5519.614854985454,.82407546,.75905818
IDN,71,2.279772072972102,1.730479612976383,34801.53064365614,13661.82137670744,9613.52803496874,5519.614854985454,.82407546,.75905818
IDN,72,2.279772072972102,1.730479612976383,34801.53064365614,13661.82137670744,9613.52803496874,5519.614854985455,.82407546,.75905818
IDN,73,2.279772072972102,1.730479612976383,34801.53064365614,13661.82137670744,9613.52803496874,5519.614854985454,.82407546,.75905818
IDN,74,2.279772072972102,1.730479612976383,34801.53064365614,13661.82137670744,9613.52803496874,5519.614854985453,.82407546,.75905818
IDN,75,2.279772072972102,1.730479612976383,34801.53064365614,13661.82137670744,9613.52803496874,5519.614854985454,.82407546,.75905818
IDN,77,2.637965133841352,1.742135619412458,34369.0189785689,13028.04415036237,8798.439616957976,5053.082068426872,.97000784,.66040891
IDN,78,2.637965133841352,1.742135619412458,34369.0189785689,13028.04415036237,8798.439616957974,5053.082068426871,.97000784,.66040891
IDN,79,2.637965133841352,1.742135619412458,34369.0189785689,13028.04415036237,8798.439616957976,5053.082068426872,.97000784,.66040891
IDN,80,2.637965133841352,1.742135619412458,34369.0189785689,13028.04415036237,8798.439616957976,5053.082068426872,.97000784,.66040891
IDN,81,2.637965133841352,1.742135619412458,34369.0189785689,13028.04415036237,8798.439616957976,5053.082068426872,.97000784,.66040891
IDN,82,2.637965133841352,1.742135619412458,34369.0189785689,13028.04415036237,8798.439616957976,5053.082068426872,.97000784,.66040891
IDN,84,1.312319980499492,1.676412659833547,154442.1438864728,69478.47580687905,82775.20705022871,49211.86581388368,.27179655,.78281438
IDN,85,1.0885300449593,1.557341147957875,3196408.565419778,2254134.17988106,5537566.515154002,3094582.102446997,.084828205,.69896698
IDN,86,1.14847351027566,1.852885109880724,3175972.338233094,2234155.283062674,5507765.25018262,3071965.961446281,.13843368,.61982983
IDN,87,1.085889695104657,1.59916257554582,5811550.941795059,4086910.262793761,10060212.46063946,5614619.658093079,.082399644,.67903644
IDN,88,1.085889695104657,1.59916257554582,5811550.941795059,4086910.262793761,10060212.46063946,5614619.658093079,.082399644,.67903644
IDN,90,1.53388587762706,1.862119873763791,23244.97552034296,12913.0056642902,26839.05203330417,14216.21971124908,.42780429,.82373101
IDN,91,1.53388587762706,1.862119873763791,23244.97552034296,12913.0056642902,26839.05203330417,14216.21971124908,.42780429,.82373101
IDN,92,1.53388587762706,1.862119873763791,23244.97552034296,12913.0056642902,26839.05203330417,14216.21971124909,.42780429,.82373101
IDN,93,1.53388587762706,1.862119873763791,23244.97552034296,12913.0056642902,26839.05203330417,14216.21971124908,.42780429,.82373101
IDN,94,1.590405638880638,1.86468960068165,26648.87476780483,15494.05639877079,32536.81346779676,17368.42854083277,.46398911,.85290635
IDN,95,1.590405638880638,1.86468960068165,26648.87476780483,15494.05639877079,32536.81346779676,17368.42854083277,.46398911,.85290635
IDN,96,1.590405638880638,1.86468960068165,26648.87476780483,15494.05639877079,32536.81346779676,17368.42854083277,.46398911,.85290635
IDN,97,1.005844914636555,1.118782610393675,23315.30549205825,22646.06010933158,52968.24503216641,32409.33703405425,.0058278996,.89905304
IDN,98,1,1,4275.181219999899,4275.181219999899,4275.181219999899,4275.181219999899,0,1
IDN,99,1.283695649800276,1.349566057050777,4863147.444491729,4697921.047721418,12157456.5701644,7099596.390021749,.24974315,.95119143
KHM,1,2.080590600549559,1.773137031354452,165455.1119321557,63872.74190204031,28934.24795598197,18619.77310969178,.73265177,.85222775
KHM,2,2.085639339289461,1.740749464587369,113970.5402495295,44017.48566265666,19998.41978955705,12864.63166654659,.73507547,.83463591
KHM,3,1.695632131832142,1.570500987242072,162749.7002569342,62829.27611557252,27401.12544416678,17961.77713131637,.52805561,.92620385
KHM,5,2.1189058540741,1.714710588189581,39474.51659374554,13900.41534416199,3598.630380167779,2109.434919559939,.75089985,.80924338
KHM,6,2.1189058540741,1.714710588189581,39474.51659374554,13900.41534416199,3598.630380167779,2109.434919559939,.75089985,.80924338
KHM,7,2.1189058540741,1.714710588189581,39474.51659374554,13900.41534416199,3598.63038016778,2109.434919559938,.75089985,.80924338
KHM,8,2.1189058540741,1.714710588189581,39474.51659374554,13900.41534416199,3598.630380167779,2109.434919559938,.75089985,.80924338
KHM,9,2.1189058540741,1.714710588189581,39474.51659374554,13900.41534416199,3598.63038016778,2109.434919559938,.75089985,.80924338
KHM,10,1.48219167754542,2.633815429701915,33212.32021425891,22567.85771667455,171430.6707803251,65385.88820617026,.39352185,.56275457
KHM,11,1.48219167754542,2.633815429701915,33212.32021425892,22567.85771667454,171430.6707803251,65385.88820617026,.39352185,.56275457
KHM,12,1.48219167754542,2.633815429701915,33212.32021425891,22567.85771667455,171430.6707803251,65385.88820617026,.39352185,.56275457
KHM,13,1.490160411607977,2.657053271207838,23154.9226366726,18169.52956273885,261234.0515435791,90432.88511385882,.39888376,.56083196
KHM,14,1.490160411607977,2.657053271207838,23154.9226366726,18169.52956273885,261234.0515435791,90432.88511385882,.39888376,.56083196
KHM,15,1.490160411607977,2.657053271207838,23154.9226366726,18169.52956273885,261234.0515435791,90432.88511385882,.39888376,.56083196
KHM,16,2.526171557109371,2.188028802199604,55029.63487930327,19731.41130018345,14407.55008966587,5724.186921817533,.92670494,.86614418
KHM,17,2.423872434901717,2.551974057531195,55124.79961913179,19771.43282407965,14548.06470792847,5776.106434109397,.88536644,.94980294
KHM,18,2.423872434901717,2.551974057531195,55124.79961913179,19771.43282407965,14548.06470792847,5776.106434109397,.88536644,.94980294
KHM,19,2.308243203024065,3.011446142342912,103763.603580301,41719.86420733253,73123.61260529494,27025.34766736296,.8364867,.76648992
KHM,20,2.240079424656811,2.299721834451779,103926.1736544045,41791.22713528526,73201.9567470052,27065.48854135596,.80651134,.97406536
KHM,21,1.412125689034267,2.11257373258823,190253.0372759633,76505.48171519673,134032.8537914561,49549.4172443047,.34509614,.66843855
KHM,22,2.101805317551595,2.92186562981093,103975.4265430612,41821.16602350528,73546.99422177438,27166.03234952117,.74279666,.71933675
KHM,23,1.938088027670684,2.051354336228138,103896.4417191097,41790.95624558671,73186.32640511106,27067.66988832277,.66170192,.94478464
KHM,24,3.077090616792831,2.749528333153199,38613.53066802965,12376.75658616474,4730.551100644012,1674.789253322119,1.1239846,.89354807
KHM,25,1.996861444709988,2.476978302116619,53938.05158315739,17431.07690497644,7074.727196575133,2511.787129777777,.69157666,.80616832
KHM,26,2.015194214477462,2.21612101211526,101571.1677478887,47048.19897799536,164610.5635874893,58308.15413833265,.7007156,.909334
KHM,27,2.059785661389273,2.412666381153243,186212.7384931101,86254.51108102263,301784.8985493971,106897.7659881657,.72260195,.85373831
KHM,28,1.801114420253796,2.829836346029457,101579.8682177385,47053.02996681585,164637.504415577,58317.42082864552,.58840561,.636473
KHM,29,1.503787346431241,2.623926271949324,26179.02017409916,14480.28138387517,115490.3121191482,35574.9891553782,.40798682,.57310581
KHM,30,1.522250053706869,2.54802888096057,17991.99847483984,9950.236969145959,79363.76399445688,24445.02687882446,.42018953,.5974226
KHM,31,1.693249033881269,2.334229228157739,15622.04194929241,8115.396515291726,29153.14117820387,10785.34935106478,.52664918,.72539961
KHM,32,1.693249033881269,2.334229228157739,15622.04194929241,8115.396515291728,29153.14117820387,10785.34935106478,.52664918,.72539961
KHM,33,1.693249033881269,2.334229228157739,15622.04194929241,8115.396515291726,29153.14117820387,10785.34935106478,.52664918,.72539961
KHM,35,1.492424137282804,2.639753128431916,32113.68041589961,16235.83946014855,55432.89725345334,22554.08752025418,.40040174,.56536502
KHM,36,1.544624703689109,2.608391142305138,32114.97274248817,16233.70343617442,55402.50977554732,22541.02794514038,.43478099,.59217525
KHM,37,1.544624703689109,2.608391142305138,32114.97274248817,16233.70343617442,55402.50977554731,22541.02794514037,.43478099,.59217525
KHM,38,1.590884282482606,2.649299107162193,31977.74238533924,16090.10062081554,68458.35319768688,26364.79814032853,.46429002,.60049254
KHM,39,1.544624703689109,2.608391142305138,32114.97274248817,16233.70343617442,55402.50977554732,22541.02794514037,.43478099,.59217525
KHM,41,1.299875490723188,2.199081501511553,119064.139485389,77377.50580495413,236059.7736845482,108488.9927432949,.26226848,.59109926
KHM,42,1.299875490723188,2.199081501511553,119064.139485389,77377.50580495413,236059.7736845482,108488.9927432949,.26226848,.59109926
KHM,43,1.299875490723188,2.199081501511553,119064.139485389,77377.50580495413,236059.7736845482,108488.9927432949,.26226848,.59109926
KHM,45,1.906644072993681,1.910488352556657,128290.4982105567,80334.71082438478,154274.2893127562,86416.7854133207,.64534467,.99798781
KHM,46,1.90664407299368,1.910488352556657,128290.4982105568,80334.71082438478,154274.2893127562,86416.78541332069,.64534467,.99798781
KHM,47,1.906644072993681,1.910488352556657,128290.4982105567,80334.71082438478,154274.2893127562,86416.78541332069,.64534467,.99798781
KHM,49,2.228550276728224,2.141315740008776,149933.1199170107,67059.18776540685,89953.64754819132,44113.78373074517,.80135125,.9608559
KHM,50,1.996975644890938,2.150810182954215,148029.7206920515,66245.8086150392,88917.61178015114,43630.93761607818,.69163388,.92847598
KHM,51,2.025609317506008,2.329206281987518,148045.5585744236,66253.27552687156,88963.37301278854,43647.27783109103,.70587057,.86965644
KHM,52,2.31825763148036,2.057340680865899,148321.9026454327,66365.07676076406,89001.47763942952,43673.40172148373,.8408159,.88745129
KHM,53,2.535173351618484,1.716452687003456,271491.6345764822,121475.1189799099,162943.6768141872,79965.04856664401,.93026203,.67705536
KHM,55,1.5586976094637,2.218293676118527,62547.97107796101,48608.7033340132,175243.5262582146,83390.84510322766,.44385061,.70265609
KHM,56,1.893051794166645,2.334875007200867,113699.1312143038,88278.07298045132,318327.3548041623,151459.5939740635,.63819021,.81077224
KHM,58,1.791320673951802,2.078501592154608,200.0105715188798,111.7470885091733,263.7451595465062,127.2169329483238,.58295316,.86183274
KHM,59,1.791320673951802,2.078501592154608,200.0105715188798,111.7470885091733,263.7451595465062,127.2169329483238,.58295316,.86183274
KHM,60,1.791320673951802,2.078501592154608,200.0105715188798,111.7470885091733,263.7451595465062,127.2169329483238,.58295316,.86183274
KHM,61,1.932078667664465,1.9154061910191,134936.9344443766,63624.48094857207,77146.41555218375,42162.94809563434,.65859646,.99137068
KHM,62,1.868603366007497,1.918238718055558,92821.16251890479,43771.79806183028,53091.38411517029,29014.7633129989,.62519127,.97412449
KHM,63,1.868603366007496,1.918238718055558,92821.16251890478,43771.79806183028,53091.38411517029,29014.7633129989,.62519127,.97412449
KHM,64,1.712372130503924,1.531102016789603,845804.8323632519,419006.2600625627,525738.3434543988,298968.8842335299,.53787965,.89414096
KHM,65,1.5190154831321,1.658490524930621,1549946.033287208,767819.158979618,963536.2727066564,547878.9541277193,.41806242,.91590244
KHM,66,1.5190154831321,1.658490524930621,1549946.033287208,767819.158979618,963536.2727066564,547878.9541277193,.41806242,.91590244
KHM,68,1.428538513001879,1.66445934465037,1545.13677469804,1139.749880570981,2052.925901222253,1291.093041043934,.3566519,.8582598
KHM,69,1.971869601549389,2.113878116250492,817.7687099991626,390.6885732806502,678.5822279187508,314.7055637568408,.67898214,.93282086
KHM,70,1.971869601549389,2.113878116250492,817.7687099991628,390.6885732806502,678.582227918751,314.7055637568408,.67898214,.93282086
KHM,71,1.971869601549389,2.113878116250492,817.7687099991628,390.6885732806502,678.5822279187508,314.7055637568408,.67898214,.93282086
KHM,72,1.971869601549389,2.113878116250492,817.7687099991628,390.6885732806502,678.5822279187508,314.7055637568408,.67898214,.93282086
KHM,73,1.971869601549389,2.113878116250492,817.7687099991626,390.6885732806502,678.5822279187507,314.7055637568408,.67898214,.93282086
KHM,74,1.971869601549389,2.113878116250492,817.7687099991628,390.6885732806502,678.5822279187507,314.7055637568408,.67898214,.93282086
KHM,75,1.971869601549389,2.113878116250492,817.7687099991628,390.6885732806502,678.5822279187507,314.7055637568408,.67898214,.93282086
KHM,77,1.625443477253604,1.867004788667718,300.8517944584988,184.1329071536738,336.6590054257916,180.8040846849482,.48578069,.8706156
KHM,78,1.625443477253604,1.867004788667718,300.8517944584988,184.1329071536738,336.6590054257916,180.8040846849482,.48578069,.8706156
KHM,79,1.625443477253604,1.867004788667718,300.8517944584988,184.1329071536738,336.6590054257916,180.8040846849482,.48578069,.8706156
KHM,80,1.625443477253604,1.867004788667718,300.8517944584988,184.1329071536738,336.6590054257916,180.8040846849482,.48578069,.8706156
KHM,81,1.625443477253604,1.867004788667718,300.8517944584988,184.1329071536738,336.6590054257916,180.8040846849482,.48578069,.8706156
KHM,82,1.625443477253604,1.867004788667718,300.8517944584988,184.1329071536738,336.6590054257916,180.8040846849482,.48578069,.8706156
KHM,84,1.194248061061669,2.139398723441871,72480.55293088885,65608.31925576231,224668.986346826,111306.9040612245,.17751674,.55821669
KHM,85,1.030116566161624,1.617422125581053,175810.9779344754,143936.5123571228,469180.4526571479,234272.5902778279,.029671967,.63688791
KHM,86,1.029764218017014,1.691132386764711,176083.5497462645,144206.0689205134,469878.6736860169,234666.8833474395,.029329861,.60891992
KHM,87,1.040677123517942,1.593357382666142,322265.9418172067,263832.9810483052,859983.9259027322,429415.8947006506,.039871581,.65313476
KHM,88,1.040677123517942,1.593357382666142,322265.9418172067,263832.9810483052,859983.9259027322,429415.8947006506,.039871581,.65313476
KHM,90,1.335977683779537,1.822024843177444,642.2426266014025,428.5098632185789,873.5008688416495,483.4830439751713,.28966337,.73323792
KHM,91,1.335977683779537,1.822024843177444,642.2426266014025,428.5098632185788,873.5008688416498,483.4830439751713,.28966337,.73323792
KHM,92,1.335977683779537,1.822024843177444,642.2426266014024,428.5098632185788,873.5008688416495,483.4830439751712,.28966337,.73323792
KHM,93,1.335977683779537,1.822024843177444,642.2426266014024,428.5098632185787,873.5008688416498,483.4830439751713,.28966337,.73323792
KHM,94,1.366584210373777,1.800740699533992,726.9683002827965,499.2730303797863,1018.701926958988,566.8721639973123,.31231436,.75890118
KHM,95,1.366584210373777,1.800740699533992,726.9683002827965,499.2730303797862,1018.701926958988,566.8721639973124,.31231436,.75890118
KHM,96,1.366584210373777,1.800740699533992,726.9683002827965,499.2730303797863,1018.701926958988,566.8721639973123,.31231436,.75890118
KHM,97,1.4429975372899,2.13226961758825,6321.3200249154,4380.686634287317,16159.04669467347,7578.331821353099,.36672258,.67674255
KHM,98,,,0,0,0,0,,
KHM,99,2.45773551432815,2.25060771130463,14015.25204055123,6655.538249070283,15273.58835858685,6825.038092941548,.89924037,.9157241
LAO,1,2.153214700658491,1.490425443080245,169814.1110395521,55438.17342633194,16347.8526394117,11970.35727743293,.76696193,.69218618
LAO,2,2.160870776978344,1.499630819609236,116867.2908505115,38168.82018234851,11294.7133440152,8266.109702331516,.77051127,.69399375
LAO,3,2.291775903351135,1.438980943185305,168118.5916577789,54602.92401307447,15261.2382303394,11348.21900191801,.82932705,.62788904
LAO,5,3.513034740546852,1.675904316636835,37210.09553484902,11913.74988615897,1360.893670686818,893.9207680979788,1.2564802,.47705317
LAO,6,3.513034740546851,1.675904316636835,37210.09553484903,11913.74988615898,1360.893670686818,893.9207680979788,1.2564802,.47705317
LAO,7,3.513034740546852,1.675904316636835,37210.09553484903,11913.74988615898,1360.893670686818,893.9207680979788,1.2564802,.47705317
LAO,8,3.513034740546852,1.675904316636835,37210.09553484902,11913.74988615898,1360.893670686818,893.9207680979788,1.2564802,.47705317
LAO,9,3.513034740546852,1.675904316636835,37210.09553484902,11913.74988615898,1360.893670686818,893.9207680979788,1.2564802,.47705317
LAO,10,1.397687172777047,2.165396741266663,18126.72221376753,12217.50591985151,72279.57507391274,31902.9776684923,.33481884,.64546472
LAO,11,1.397687172777047,2.165396741266664,18126.72221376753,12217.50591985151,72279.57507391274,31902.9776684923,.33481884,.64546472
LAO,12,1.397687172777046,2.165396741266663,18126.72221376752,12217.50591985151,72279.57507391274,31902.9776684923,.33481884,.64546472
LAO,13,1.437349449079861,2.06255186692277,4754.692418739197,3087.587617335095,23212.71924654564,9416.368578059482,.36280075,.69687915
LAO,14,1.437349449079861,2.06255186692277,4754.692418739197,3087.587617335095,23212.71924654564,9416.368578059482,.36280075,.69687915
LAO,15,1.437349449079861,2.06255186692277,4754.692418739197,3087.587617335094,23212.71924654564,9416.368578059481,.36280075,.69687915
LAO,16,2.653745404441819,2.030485788032428,33546.75046398857,12691.50135617844,5886.709037246848,2466.503754521535,.975972,.76513964
LAO,17,2.449777619533752,2.052003534211694,33293.09023400999,12584.43023384127,5829.569778823052,2437.49762276296,.89599723,.83762848
LAO,18,2.449777619533752,2.052003534211693,33293.09023400999,12584.43023384127,5829.569778823052,2437.49762276296,.89599723,.83762848
LAO,19,2.041697004230137,2.279839343004315,51222.0122100213,20280.37773379512,30244.01287981184,13252.91791278356,.7137813,.89554423
LAO,20,2.861429778050378,2.040856452953292,51195.54530654662,20252.88915510867,30082.55165669174,13184.16586520224,1.0513214,.7132296
LAO,21,1.329131471201478,1.85764450418992,93685.4452858889,37075.45277492735,55129.72837249004,24162.67157862846,.28452569,.7154929
LAO,22,2.475125076243179,2.32506266862214,51117.04337837175,20225.33474718444,30065.59496715887,13173.9685290402,.90629095,.93937176
LAO,23,2.198820388162594,2.031100217342097,51351.52168381973,20334.24529416472,30095.81136797386,13191.82939749156,.78792101,.92372268
LAO,24,2.470871927732583,2.586697903093409,17862.34087104043,6283.489798264002,2487.617969405958,1081.020922481988,.90457112,.95522243
LAO,25,1.695283786537215,2.452605796903323,26006.92515101517,9158.406869992958,3680.933586411795,1600.439849006419,.52785015,.69121742
LAO,26,1.627393998568667,2.262337261453544,52173.15043755591,27824.79313661569,86260.99235315052,37336.83319595494,.48697996,.71934193
LAO,27,1.801326194948752,2.528222623799175,95635.57470876648,51002.45137675803,158121.091714098,68439.51476938206,.58852315,.71248716
LAO,28,1.64683031520214,2.050011915602514,52162.20960449868,27818.05444834095,86241.73278041022,37328.31960051269,.49885243,.8033272
LAO,29,1.496333645051119,2.802363729119973,13617.56222654402,8647.765418953171,56460.27907808193,20907.3348986073,.40301788,.53395414
LAO,30,1.465753620938342,2.35840483935091,9362.07024213652,5945.329644194593,38814.44349340336,14373.19578031328,.38236952,.6215021
LAO,31,1.412085898314721,1.999813939236697,8989.479818445281,4562.205033399631,13322.67538651321,5840.701715078229,.34506798,.70610863
LAO,32,1.412085898314721,1.999813939236697,8989.479818445281,4562.205033399631,13322.67538651321,5840.701715078229,.34506798,.70610863
LAO,33,1.412085898314721,1.999813939236697,8989.479818445281,4562.205033399631,13322.67538651321,5840.701715078229,.34506798,.70610863
LAO,35,2.477036933037462,1.618620048621396,96168.57990283483,38912.57477433907,18551.3274865561,13388.02076673642,.90706307,.65345013
LAO,36,2.235147017814101,1.526134886310179,94474.6719787536,38328.30531661092,18002.22863791656,13100.47351405174,.80430698,.6827895
LAO,37,2.235147017814101,1.526134886310179,94474.6719787536,38328.30531661092,18002.22863791656,13100.47351405174,.80430698,.6827895
LAO,38,2.200951217490439,1.614828683383245,87928.91740978633,35861.55773600349,22535.83445544893,14338.00253779166,.78888965,.73369581
LAO,39,2.235147017814101,1.526134886310179,94474.67197875358,38328.30531661092,18002.22863791656,13100.47351405174,.80430698,.6827895
LAO,41,1.186578355675214,2.482954323311025,76849.47064123074,54127.17946766084,151249.0630896203,79305.40485982351,.17107384,.47788972
LAO,42,1.186578355675214,2.482954323311025,76849.47064123074,54127.17946766084,151249.0630896204,79305.40485982351,.17107384,.47788972
LAO,43,1.186578355675214,2.482954323311025,76849.47064123074,54127.17946766084,151249.0630896204,79305.40485982351,.17107384,.47788972
LAO,45,1.870507915748086,1.680317312786085,108390.0551488211,61587.26029674368,72322.72928774475,50030.87557544331,.62621003,.89832139
LAO,46,1.870507915748086,1.680317312786085,108390.0551488211,61587.26029674368,72322.72928774476,50030.87557544331,.62621003,.89832139
LAO,47,1.870507915748086,1.680317312786085,108390.0551488211,61587.26029674367,72322.72928774476,50030.87557544331,.62621003,.89832139
LAO,49,2.240882693487831,1.975684855427441,62360.50319259091,27431.15848082775,40794.08786008118,20930.54129906954,.80686986,.88165474
LAO,50,2.056109453965433,2.445352966171178,61906.19843732982,27230.19038982398,40616.51063640993,20837.59296761627,.7208156,.84082317
LAO,51,2.139852710155902,2.68166252470461,61921.41168829074,27239.34570816404,40647.14335287328,20850.61116282772,.760737,.79795748
LAO,52,1.895854123052533,2.122599508451235,61914.80585226452,27240.79869728568,40619.32218871496,20846.89114967918,.63966948,.8931756
LAO,53,2.067096464259723,1.7196866221132,113530.6327118908,49937.48927353835,74458.68278492447,38203.2908000487,.72614497,.83193344
LAO,55,1.090091990500838,1.914473329588993,43342.08296780584,31784.07415323362,74858.37907220292,43287.36661587855,.086262085,.56939524
LAO,56,1.120342694374138,2.054120949555718,79102.88946209267,57931.5765671134,136256.9475627918,78797.74002854851,.11363462,.54541224
LAO,58,1.20495254764983,1.789227463388046,40.78376861255801,33.78756202876868,93.41191363651672,52.14187241990608,.18644018,.6734485
LAO,59,1.20495254764983,1.789227463388046,40.783768612558,33.78756202876868,93.41191363651672,52.14187241990609,.18644018,.6734485
LAO,60,1.20495254764983,1.789227463388046,40.783768612558,33.78756202876868,93.41191363651672,52.14187241990608,.18644018,.6734485
LAO,61,1.473996699517733,1.671725900676736,71775.49111514135,34443.69453244958,36994.23847886077,22322.92915995685,.38797754,.8817215
LAO,62,1.416491448865163,1.64263406796489,49360.30689181151,23691.36229566601,25455.71509584973,15361.04425906475,.34818301,.8623293
LAO,63,1.416491448865163,1.64263406796489,49360.30689181151,23691.36229566601,25455.71509584973,15361.04425906475,.34818301,.8623293
LAO,64,1.840125751362218,1.700173519491499,477560.7669226851,235817.1307438768,212467.5946187803,140618.3742951611,.6098339,.92394418
LAO,65,1.619699967680267,1.509891429050477,874691.2330774221,431929.9043001428,388903.3247557196,257479.2212837133,.48224092,.93220437
LAO,66,1.619699967680267,1.509891429050477,874691.2330774221,431929.9043001428,388903.3247557196,257479.2212837133,.48224092,.93220437
LAO,68,1.163879172370969,1.293286463347482,1137.947320513593,977.3979611978339,1315.141553662333,1014.243352543325,.15175854,.89993918
LAO,69,1.796121310252329,1.609096535178452,331.4782984882276,174.3251570647114,186.6060931924237,115.8844372675975,.58562952,.89587295
LAO,70,1.796121310252329,1.609096535178452,331.4782984882276,174.3251570647114,186.6060931924237,115.8844372675975,.58562952,.89587295
LAO,71,1.796121310252329,1.609096535178452,331.4782984882276,174.3251570647114,186.6060931924237,115.8844372675975,.58562952,.89587295
LAO,72,1.796121310252329,1.609096535178452,331.4782984882276,174.3251570647114,186.6060931924237,115.8844372675975,.58562952,.89587295
LAO,73,1.796121310252329,1.609096535178452,331.4782984882276,174.3251570647114,186.6060931924237,115.8844372675975,.58562952,.89587295
LAO,74,1.796121310252329,1.609096535178452,331.4782984882276,174.3251570647114,186.6060931924237,115.8844372675975,.58562952,.89587295
LAO,75,1.796121310252329,1.609096535178452,331.4782984882276,174.3251570647114,186.6060931924237,115.8844372675975,.58562952,.89587295
LAO,77,1.490827289904872,1.611966922998412,92.26705534965522,61.69141151298724,103.2690662194979,64.0352995582312,.39933118,.92484981
LAO,78,1.490827289904872,1.611966922998412,92.26705534965524,61.69141151298724,103.2690662194979,64.0352995582312,.39933118,.92484981
LAO,79,1.490827289904872,1.611966922998412,92.26705534965524,61.69141151298724,103.2690662194979,64.03529955823119,.39933118,.92484981
LAO,80,1.490827289904872,1.611966922998412,92.26705534965524,61.69141151298724,103.2690662194979,64.0352995582312,.39933118,.92484981
LAO,81,1.490827289904872,1.611966922998412,92.26705534965524,61.69141151298724,103.2690662194979,64.0352995582312,.39933118,.92484981
LAO,82,1.490827289904872,1.611966922998412,92.26705534965524,61.69141151298724,103.2690662194979,64.0352995582312,.39933118,.92484981
LAO,84,1.063717737662082,1.581326169724551,53001.43260824596,50892.05248828519,190505.3950443181,98659.42539269142,.06177007,.67267448
LAO,85,1.061632303474733,1.368791446789537,94026.44344799183,78236.4974038442,245169.6738991195,132598.2005198067,.059807632,.77559829
LAO,86,1.019664264330985,1.630250857099597,93716.03266919922,77944.28993365575,244783.8900964569,132278.6289909131,.01947342,.62546462
LAO,87,1.036022740404193,1.549562879147872,171711.2427037568,142796.3844678013,448534.572443085,242374.2284035452,.035389096,.66859031
LAO,88,1.036022740404193,1.549562879147872,171711.2427037568,142796.3844678013,448534.572443085,242374.2284035452,.035389096,.66859031
LAO,90,1.023416769384625,1.693400686980779,178.4492251879378,174.0679419539948,433.0583022264811,251.9383644913235,.023146803,.60435593
LAO,91,1.023416769384625,1.693400686980779,178.4492251879378,174.0679419539948,433.0583022264809,251.9383644913235,.023146803,.60435593
LAO,92,1.023416769384625,1.693400686980779,178.4492251879378,174.0679419539948,433.058302226481,251.9383644913235,.023146803,.60435593
LAO,93,1.023416769384625,1.693400686980779,178.4492251879378,174.0679419539948,433.0583022264809,251.9383644913235,.023146803,.60435593
LAO,94,1.576048488510136,1.666935253677275,623.4018588109208,366.516805496823,527.2362105928192,312.4253915739458,.45492077,.94547671
LAO,95,1.576048488510136,1.666935253677275,623.4018588109209,366.5168054968231,527.2362105928194,312.4253915739458,.45492077,.94547671
LAO,96,1.576048488510136,1.666935253677275,623.4018588109209,366.516805496823,527.2362105928192,312.4253915739458,.45492077,.94547671
LAO,97,1.115786597865818,1.157993130840737,5060.9958093732,3004.807220144383,8015.478903222218,4136.74142995265,.10955963,.963552
LAO,98,1,1,54.0819799999,54.0819799999,54.0819799999,54.0819799999,0,1
LAO,99,1.447596891320844,1.311179501726084,9600.512632243001,4090.513497204196,7367.930463100971,3550.945032194294,.36990488,.90576285
MMR,1,3.43923959685252,2.446174196347572,1439739.595867072,346604.165551021,362575.4372689989,113301.6103394821,1.2352504,.71125436
MMR,2,3.16832020455003,2.304489346528044,786001.940860093,189298.7184128425,198078.9683540078,61945.99957774664,1.1532016,.72735369
MMR,3,3.480252682065863,2.384441317398483,1396751.541977003,333505.2992304917,352445.6774974209,108889.9835286624,1.2471049,.68513453
MMR,5,2.940077002459322,2.735116992524536,1110699.718051394,255372.3249419506,18534.6515879663,5249.234755781406,1.0784358,.93028754
MMR,6,2.940077002459322,2.735116992524536,1110699.718051394,255372.3249419506,18534.6515879663,5249.234755781406,1.0784358,.93028754
MMR,7,2.940077002459322,2.735116992524536,1110699.718051394,255372.3249419506,18534.6515879663,5249.234755781406,1.0784358,.93028754
MMR,8,2.940077002459322,2.735116992524536,1110699.718051394,255372.3249419506,18534.6515879663,5249.234755781406,1.0784358,.93028754
MMR,9,2.940077002459322,2.735116992524536,1110699.718051394,255372.3249419506,18534.6515879663,5249.234755781406,1.0784358,.93028754
MMR,10,1.834812040648307,2.994983985140228,480809.8212810231,166967.37480305,1727986.666166013,384582.1748901572,.60694206,.61262834
MMR,11,1.834812040648307,2.994983985140228,480809.8212810231,166967.37480305,1727986.666166013,384582.1748901572,.60694206,.61262834
MMR,12,1.834812040648307,2.994983985140228,480809.8212810231,166967.37480305,1727986.666166013,384582.1748901572,.60694206,.61262834
MMR,13,1.828453858186293,2.974615547369787,203717.6137624221,63033.2304550171,466887.1123985511,107818.0137011766,.60347074,.61468577
MMR,14,1.828453858186293,2.974615547369787,203717.6137624221,63033.2304550171,466887.1123985511,107818.0137011766,.60347074,.61468577
MMR,15,1.828453858186293,2.974615547369787,203717.6137624221,63033.2304550171,466887.1123985511,107818.0137011766,.60347074,.61468577
MMR,16,2.953314934654821,2.98225125465135,835311.9568791874,153330.0581645507,142216.3105950059,31608.83021001235,1.0829283,.99029714
MMR,17,3.021189328709511,3.063887799999795,835339.441609894,153332.8584746882,142444.51977312,31685.84042780904,1.1056505,.98606396
MMR,18,3.021189328709511,3.063887799999795,835339.441609894,153332.8584746882,142444.51977312,31685.84042780904,1.1056505,.98606396
MMR,19,3.297390612447507,3.36573519946881,2150247.872089011,343100.7432162066,821108.2487074059,156607.6318742495,1.1931314,.97969401
MMR,20,3.277727567204073,3.183156646376622,2149893.594841803,342977.1155456902,820053.102226018,156282.2762900782,1.1871504,.97114742
MMR,21,2.090243767907237,2.970846164639248,2149176.15838438,342811.5064452048,820136.3788157088,156351.7515835052,.73728067,.70358533
MMR,22,2.988777382801789,3.189244841802142,2149470.67396135,342848.3167928613,819606.4738326987,156119.7271853352,1.0948644,.93714267
MMR,23,2.932279564421677,3.137570343865543,2149812.974644782,343006.4783015542,819485.9227061077,156079.9549058943,1.0757802,.93457013
MMR,24,3.535733376216188,3.261701780321158,644888.4755639016,81695.17388650168,48670.78988996697,8323.46929695759,1.2629207,.92249656
MMR,25,2.801073285748233,3.367503858266918,1181681.752774486,149694.3878436566,90532.95245428874,15715.32221431994,1.0300027,.8317951
MMR,26,1.886812295990962,3.168808321781103,2221565.145285606,440125.4010659598,1991463.354718356,405922.6471342787,.63488877,.59543276
MMR,27,2.068051397578825,3.294975468265437,2221475.325122132,440022.9027445005,1990599.407510174,405591.9173704044,.72660679,.62763786
MMR,28,1.964237618384399,3.151559480954928,2221553.050388794,440097.3348073808,1991049.069674148,405780.5516650682,.6751042,.62325895
MMR,29,1.696746121624613,3.440158514471745,544607.3572425914,127389.0687438347,1481943.427383471,241842.2894231658,.52871239,.49321744
MMR,30,1.796840820533292,3.128796020827655,296906.2201697335,69340.59465799115,806919.6409000076,131429.4533838976,.58603001,.57429147
MMR,31,1.671681280780735,2.787319177114995,175393.6002286637,63113.49020813331,237421.7879215648,69695.96281727082,.51382989,.59974521
MMR,32,1.671681280780735,2.787319177114995,175393.6002286637,63113.49020813331,237421.7879215648,69695.96281727082,.51382989,.59974521
MMR,33,1.671681280780735,2.787319177114995,175393.6002286637,63113.49020813331,237421.7879215648,69695.96281727082,.51382989,.59974521
MMR,35,1.770160509911588,2.518146694514892,167960.1102168408,70047.50878960367,232472.2936589493,97968.22049696553,.57107025,.70296162
MMR,36,1.406934828255038,2.390890538997044,167603.5500572334,69846.04260409715,231473.0955524739,97583.11196509919,.34141347,.58845639
MMR,37,1.406934828255038,2.390890538997043,167603.5500572334,69846.04260409715,231473.0955524739,97583.11196509919,.34141347,.58845639
MMR,38,1.59224935051567,2.771030968961742,150813.9124267923,62513.51196090732,319571.5600943043,107627.0463526265,.4651477,.57460541
MMR,39,1.406934828255038,2.390890538997043,167603.5500572334,69846.04260409715,231473.0955524739,97583.11196509919,.34141347,.58845639
MMR,41,1.166892038206027,2.704434944694562,915447.5317146626,574846.5325688154,2084608.021797678,806310.1359241515,.15434384,.43147352
MMR,42,1.166892038206027,2.704434944694562,915447.5317146626,574846.5325688154,2084608.021797678,806310.1359241515,.15434384,.43147352
MMR,43,1.166892038206027,2.704434944694562,915447.5317146626,574846.5325688154,2084608.021797678,806310.1359241515,.15434384,.43147352
MMR,45,2.297177270499036,1.896197619875184,2438656.125243105,1008819.208145567,1369743.812243717,832393.1010021996,.83168107,.82544678
MMR,46,2.297177270499037,1.896197619875184,2438656.125243105,1008819.208145567,1369743.812243717,832393.1010021996,.83168107,.82544678
MMR,47,2.297177270499036,1.896197619875184,2438656.125243105,1008819.208145567,1369743.812243717,832393.1010021996,.83168107,.82544678
MMR,49,2.417080369177665,2.404094837027178,1299585.851117245,407356.5627828553,427929.9844071891,216234.3784087129,.88256037,.99462759
MMR,50,3.24276343528946,2.60776251605321,1298442.386767646,406676.9357016392,425313.6967186182,215163.879743713,1.1764259,.80417907
MMR,51,2.467951096014097,2.628748507108556,1297876.86353697,406593.6718492822,425788.2661942945,215333.8871182939,.90338826,.93883121
MMR,52,2.352189201268863,2.376788641893842,1297956.938080347,406651.7921099235,425903.4360143166,215427.0956354318,.85534644,.98965013
MMR,53,2.399920108509477,2.275809252819359,1297280.297737424,406340.5438104006,424850.191344114,215001.8119730584,.87543547,.9482854
MMR,55,1.310943762472785,2.390068919190847,461991.1258736721,322947.0830384467,1141535.301182635,485040.3930009743,.2707473,.54849625
MMR,56,1.43107047988678,2.35321928262815,2762694.48410163,1930509.0300795,6811226.72255998,2894429.24968428,.35842276,.60813308
MMR,58,1.401724027208782,2.46731329855539,378.7166149020278,270.0349144119248,1330.911399987218,538.6080082938888,.33770293,.56811756
MMR,59,1.401724027208782,2.46731329855539,378.7166149020278,270.0349144119248,1330.911399987218,538.6080082938888,.33770293,.56811756
MMR,60,1.401724027208782,2.46731329855539,378.7166149020278,270.0349144119248,1330.911399987218,538.6080082938887,.33770293,.56811756
MMR,61,1.981313884862395,2.184751268195212,1290713.320698716,502710.9970023737,406979.6321016317,264137.2497393196,.68376023,.90688306
MMR,62,1.805117328823592,2.208727063913721,704165.4964901085,274293.8560671253,222293.6569243689,144210.9036621905,.59062558,.81726593
MMR,63,1.805117328823592,2.208727063913721,704165.4964901085,274293.8560671253,222293.6569243689,144210.9036621905,.59062558,.81726593
MMR,64,1.853189344229497,2.045707267080357,3817838.429836191,1898209.69530178,1950692.457377533,1419646.370621019,.61690813,.90589178
MMR,65,1.853189344229497,2.045707267080357,3817838.429836191,1898209.69530178,1950692.457377533,1419646.370621019,.61690813,.90589178
MMR,66,1.853189344229497,2.045707267080357,3817838.429836191,1898209.69530178,1950692.457377533,1419646.370621019,.61690813,.90589178
MMR,68,1.237118163914468,1.791291284336678,2103.014791965502,1697.603917393226,4036.364694720322,2251.191049194732,.21278462,.69062924
MMR,69,1.977445109099346,2.252247186378848,1887.503230806758,950.528263096,2396.00069187856,1063.711290255306,.68180567,.87798762
MMR,70,1.977445109099346,2.252247186378848,1887.503230806758,950.528263096,2396.00069187856,1063.711290255306,.68180567,.87798762
MMR,71,1.977445109099346,2.252247186378848,1887.503230806758,950.528263096,2396.00069187856,1063.711290255306,.68180567,.87798762
MMR,72,1.977445109099346,2.252247186378848,1887.503230806758,950.528263096,2396.00069187856,1063.711290255306,.68180567,.87798762
MMR,73,1.977445109099346,2.252247186378848,1887.503230806758,950.528263096,2396.00069187856,1063.711290255306,.68180567,.87798762
MMR,74,1.977445109099346,2.252247186378848,1887.503230806758,950.528263096,2396.00069187856,1063.711290255306,.68180567,.87798762
MMR,75,1.977445109099346,2.252247186378848,1887.503230806758,950.528263096,2396.00069187856,1063.711290255306,.68180567,.87798762
MMR,77,2.350637933389262,2.08617158767161,1556.011954272018,661.5019654373772,947.225041278354,454.1619040169476,.85468674,.88749164
MMR,78,2.350637933389262,2.08617158767161,1556.011954272018,661.5019654373772,947.225041278354,454.1619040169476,.85468674,.88749164
MMR,79,2.350637933389262,2.08617158767161,1556.011954272018,661.5019654373772,947.225041278354,454.1619040169476,.85468674,.88749164
MMR,80,2.350637933389262,2.08617158767161,1556.011954272018,661.5019654373771,947.225041278354,454.1619040169476,.85468674,.88749164
MMR,81,2.350637933389262,2.08617158767161,1556.011954272018,661.5019654373772,947.225041278354,454.1619040169476,.85468674,.88749164
MMR,82,2.350637933389262,2.08617158767161,1556.011954272018,661.5019654373772,947.225041278354,454.1619040169476,.85468674,.88749164
MMR,84,1.01910368189437,1.824200682340183,753237.2926371204,743166.8586550514,2260156.495024438,1118129.930220875,.018923497,.55865765
MMR,85,1.026023852330885,1.505966210369122,1242572.646978386,1142294.67294425,2025224.485970928,1348736.529695245,.025690995,.681306
MMR,86,1.025635697707507,1.811635411599787,1242797.350990981,1142516.792886817,2026893.370866736,1349387.044279662,.025312614,.56613803
MMR,87,1.025635697707507,1.811635411599786,1242797.350990981,1142516.792886817,2026893.370866736,1349387.044279662,.025312614,.56613803
MMR,88,1.025635697707507,1.811635411599787,1242797.350990981,1142516.792886817,2026893.370866736,1349387.044279662,.025312614,.56613803
MMR,90,1.084855426264992,2.363401131268086,270.7271856718806,249.4720887042156,1336.739827260628,565.7068892902264,.08144673,.45902297
MMR,91,1.084855426264992,2.363401131268086,270.7271856718806,249.4720887042156,1336.739827260628,565.7068892902264,.08144673,.45902297
MMR,92,1.084855426264992,2.363401131268086,270.7271856718806,249.4720887042156,1336.739827260628,565.7068892902264,.08144673,.45902297
MMR,93,1.084855426264992,2.363401131268086,270.7271856718806,249.4720887042156,1336.739827260628,565.7068892902264,.08144673,.45902297
MMR,94,1.220968756315912,2.125809989360126,500.0537414534032,409.2293191697578,1464.694387676366,688.5260204419689,.19964461,.57435459
MMR,95,1.220968756315912,2.125809989360126,500.0537414534032,409.2293191697578,1464.694387676366,688.5260204419689,.19964461,.57435459
MMR,96,1.220968756315912,2.125809989360126,500.0537414534032,409.2293191697578,1464.694387676366,688.5260204419689,.19964461,.57435459
MMR,97,1.0900526743945,2.51568545273061,10794.87028611338,9903.07215393025,54234.13237880083,21558.39169794984,.086226024,.43330246
MMR,98,,,0,0,0,0,,
MMR,99,2.851287297129755,3.449129873963575,37845.79793764085,14621.70188740493,43401.30832448848,18455.32361660454,1.0477706,.82666856
MYS,1,2.515393060600082,2.027492939020803,4654121.385793573,2550418.409955433,5182423.912710549,2683146.941768329,.92242908,.80603427
MYS,2,2.834846124679094,2.070784222895948,3201797.299005857,1754004.59461667,3563094.009375858,1844746.217273858,1.0419877,.73047501
MYS,3,2.196678488231212,2.020884649942015,4634273.343209649,2542788.629118756,5169932.039128844,2677967.051679216,.78694642,.9199729
MYS,5,3.713944768127666,1.905840729808316,8928562.21596116,2962396.696847765,2356660.604213756,1421072.098803587,1.3120946,.51315808
MYS,6,3.713944768127666,1.905840729808316,8928562.21596116,2962396.696847765,2356660.604213756,1421072.098803587,1.3120946,.51315808
MYS,7,3.713944768127666,1.905840729808316,8928562.21596116,2962396.696847765,2356660.604213756,1421072.098803587,1.3120946,.51315808
MYS,8,3.713944768127666,1.905840729808316,8928562.21596116,2962396.696847765,2356660.604213756,1421072.098803587,1.3120946,.51315808
MYS,9,3.713944768127666,1.905840729808316,8928562.21596116,2962396.696847765,2356660.604213756,1421072.098803587,1.3120946,.51315808
MYS,10,2.062936339555139,2.929436650097982,2299505.109229977,1019682.500683004,5926353.356827683,1938924.279966739,.72413039,.70420921
MYS,11,2.062936339555139,2.929436650097982,2299505.109229977,1019682.500683004,5926353.356827683,1938924.279966739,.72413039,.70420921
MYS,12,2.062936339555139,2.929436650097983,2299505.109229977,1019682.500683004,5926353.356827683,1938924.279966739,.72413039,.70420921
MYS,13,1.751077507353385,2.657629645304167,581780.8707436742,320292.6239350481,1925941.479736094,658992.3343674452,.56023133,.65888697
MYS,14,1.751077507353384,2.657629645304168,581780.8707436742,320292.6239350481,1925941.479736094,658992.3343674452,.56023133,.65888697
MYS,15,1.751077507353385,2.657629645304167,581780.8707436742,320292.6239350481,1925941.479736094,658992.3343674452,.56023133,.65888697
MYS,16,3.027600412527474,2.76857001177689,2429933.844911091,948530.2405959136,1981797.541693998,791549.5257963896,1.1077703,.91444367
MYS,17,2.439836708502127,2.73636518077615,2430194.926265689,949107.3778614363,1989695.648794404,794407.0115954683,.89193112,.89163417
MYS,18,2.439836708502127,2.73636518077615,2430194.926265689,949107.3778614363,1989695.648794404,794407.0115954683,.89193112,.89163417
MYS,19,3.030051746869775,2.68104374766653,6387634.636899989,2295197.254258689,6433231.097104028,2411879.157943033,1.1085798,.88481784
MYS,20,3.418030161361207,2.869714995249337,6383683.725641367,2292969.145765034,6410096.552903832,2403201.36011012,1.2290645,.83958155
MYS,21,1.949073332050793,2.490027865489695,11663019.66416103,4192434.066080111,11738183.23823337,4401222.201816457,.66735405,.78275162
MYS,22,2.976184767782105,2.872253482772068,6372687.563659138,2290370.594667854,6411492.344937336,2403659.370036948,1.0906422,.96507901
MYS,23,2.781909980793053,2.841015902448527,6368121.877169388,2289034.901735669,6404124.462036402,2401166.520885288,1.0231377,.97919548
MYS,24,3.295499209399837,3.015218669772001,1548414.873660269,551870.3143489464,1904795.868645519,620544.8795230743,1.1925577,.91495049
MYS,25,3.01012364092347,2.949709526689805,2254256.402069628,803589.0984111443,2773241.752641019,903570.6061704955,1.1019812,.97992969
MYS,26,2.555437498433963,2.970680996017426,13866229.21566808,5157323.921647004,13471889.8869953,4854003.112678986,.93822342,.86021942
MYS,27,2.208357690478452,2.823739704027978,25357024.53110332,9430146.400698015,24594262.05897471,8864712.614816694,.79224908,.78206843
MYS,28,2.18529319857404,2.929975885655535,13833961.65694992,5145043.143719301,13423461.78337177,4838093.637113224,.78175002,.74584001
MYS,29,2.253281804543398,2.965386095700639,688258.5756617375,405958.6956976498,3519524.285272239,1098833.920063848,.8123877,.75986117
MYS,30,1.869217989977331,2.861863368390046,469323.7756172977,277627.244323005,2412789.193038101,753134.4375282394,.62552017,.65314716
MYS,31,1.734868356736563,2.793141527452844,535769.5510739591,311644.2644542037,1677747.857730911,607099.8913670409,.55093151,.62111723
MYS,32,1.734868356736563,2.793141527452844,535769.5510739591,311644.2644542037,1677747.857730911,607099.8913670409,.55093151,.62111723
MYS,33,1.734868356736564,2.793141527452844,535769.5510739591,311644.2644542037,1677747.857730911,607099.8913670409,.55093151,.62111723
MYS,35,2.727609392325913,2.35980508400067,2349922.729044335,832384.9708347378,801381.7775430339,378503.8630715305,1.0034256,.86515504
MYS,36,2.650714901823116,2.223269350422628,2343693.860638119,830297.5952860645,797677.7729061421,377116.2128265406,.97482938,.83874327
MYS,37,2.650714901823116,2.223269350422628,2343693.860638119,830297.5952860645,797677.7729061421,377116.2128265406,.97482938,.83874327
MYS,38,2.546884876300241,2.30128259940258,2206044.59838945,802151.418811513,1444058.720117363,571317.4179641056,.93487102,.90356755
MYS,39,2.650714901823116,2.223269350422628,2343693.860638119,830297.5952860645,797677.7729061421,377116.2128265406,.97482938,.83874327
MYS,41,1.704909063190613,2.787938122268534,3315856.610626182,1127945.82113427,1462802.268583102,529056.9690304486,.53351176,.61153048
MYS,42,1.704909063190614,2.787938122268534,3315856.610626182,1127945.82113427,1462802.268583102,529056.9690304486,.53351176,.61153048
MYS,43,1.704909063190613,2.787938122268534,3315856.610626182,1127945.82113427,1462802.268583102,529056.9690304486,.53351176,.61153048
MYS,45,2.824357663531739,1.987371136194008,4751608.791471208,1458756.848834111,355125.541476056,211634.399463427,1.038281,.70365423
MYS,46,2.824357663531739,1.987371136194009,4751608.791471208,1458756.848834111,355125.541476056,211634.399463427,1.038281,.70365423
MYS,47,2.824357663531739,1.987371136194009,4751608.791471208,1458756.848834111,355125.541476056,211634.399463427,1.038281,.70365423
MYS,49,2.753184170476955,2.527069062178652,3252139.25536917,1236466.845597608,2498558.35566947,993094.893524135,1.0127581,.91787142
MYS,50,2.839432605293702,2.644280586592603,3249382.256152399,1235416.693340208,2497204.564280708,992490.3008481946,1.0436043,.93127078
MYS,51,2.747338461279962,2.854840899964501,3249027.383653441,1235342.974684673,2498207.106076714,992720.8116514535,1.0106326,.96234381
MYS,52,3.029565098818004,2.366517668246522,3259987.963560021,1238839.379887687,2499406.290303935,993662.448495495,1.1084191,.78114104
MYS,53,2.711890739929125,2.281769703309195,5950085.704383541,2262467.856842284,4572153.373144282,1817327.693813973,.99764609,.84139442
MYS,55,1.523493207685491,2.416913923847988,1140968.12594401,703779.5398454242,4281585.433160557,1599682.679618678,.42100587,.63034648
MYS,56,1.688362884052544,2.447571983636112,2080225.068135841,1281569.054155031,7807450.794836712,2915058.438075084,.52375937,.68981135
MYS,58,2.220042616605114,2.368856353590318,3780.606867943748,1705.243886434586,4642.928682490941,1958.033185301026,.79752642,.93717909
MYS,59,2.220042616605114,2.368856353590318,3780.606867943748,1705.243886434586,4642.928682490941,1958.033185301026,.79752642,.93717909
MYS,60,2.220042616605114,2.368856353590318,3780.606867943748,1705.243886434586,4642.928682490941,1958.033185301026,.79752642,.93717909
MYS,61,1.85331763177885,2.135230119053115,2021143.603182939,987317.1893146645,1917518.914270193,931799.8590426185,.61697733,.86797088
MYS,62,2.21466698528659,2.090249135859287,1393625.028715043,680140.1325637813,1318837.4947402,640884.8917369336,.79510206,.94382095
MYS,63,2.214666985286591,2.090249135859287,1393625.028715043,680140.1325637813,1318837.4947402,640884.8917369336,.79510206,.94382095
MYS,64,2.584856204669557,1.878015326897896,10775719.08594652,4453069.685617574,4786876.02211161,2687163.462936051,.9496699,.72654539
MYS,65,2.621369637740125,1.97913045523185,19717251.39928817,8148885.83652632,8759934.727504333,4917362.548430067,.96369696,.75499862
MYS,66,2.621369637740125,1.97913045523185,19717251.39928817,8148885.83652632,8759934.727504333,4917362.548430067,.96369696,.75499862
MYS,68,1.437700540150434,1.671582371677796,14030.52345978494,9937.859956628148,19073.13410909046,11314.97912069068,.36304498,.86008358
MYS,69,2.898770949101645,2.159450733615574,20715.84787873308,7146.888747304809,6047.988851448627,2808.476695835208,1.0642868,.74495393
MYS,70,2.898770949101644,2.159450733615574,20715.84787873308,7146.888747304809,6047.988851448628,2808.476695835208,1.0642868,.74495393
MYS,71,2.898770949101644,2.159450733615574,20715.84787873308,7146.888747304809,6047.988851448627,2808.476695835207,1.0642868,.74495393
MYS,72,2.898770949101644,2.159450733615574,20715.84787873308,7146.888747304809,6047.988851448628,2808.476695835208,1.0642868,.74495393
MYS,73,2.898770949101644,2.159450733615574,20715.84787873308,7146.888747304809,6047.988851448628,2808.476695835208,1.0642868,.74495393
MYS,74,2.898770949101644,2.159450733615574,20715.84787873308,7146.888747304809,6047.988851448627,2808.476695835207,1.0642868,.74495393
MYS,75,2.898770949101644,2.159450733615574,20715.84787873308,7146.888747304809,6047.988851448628,2808.476695835208,1.0642868,.74495393
MYS,77,2.65950162434523,2.201363505702506,7508.686271545235,2828.36660218095,3867.552833526826,1756.987584388656,.97813874,.82773536
MYS,78,2.659501624345229,2.201363505702506,7508.686271545235,2828.36660218095,3867.552833526826,1756.987584388656,.97813874,.82773536
MYS,79,2.65950162434523,2.201363505702506,7508.686271545235,2828.36660218095,3867.552833526826,1756.987584388656,.97813874,.82773536
MYS,80,2.65950162434523,2.201363505702506,7508.686271545235,2828.36660218095,3867.552833526826,1756.987584388656,.97813874,.82773536
MYS,81,2.65950162434523,2.201363505702506,7508.686271545235,2828.36660218095,3867.552833526826,1756.987584388656,.97813874,.82773536
MYS,82,2.65950162434523,2.201363505702506,7508.686271545235,2828.36660218095,3867.552833526826,1756.987584388656,.97813874,.82773536
MYS,84,1.179977647296338,1.972570864074709,1333584.003456693,1218609.187498966,5755403.910845698,2507992.954327636,.1654955,.59819275
MYS,85,1.061994293625497,1.683326773862432,2065084.42995688,1679013.568505443,5932758.310974284,2790066.976844761,.060148548,.63089013
MYS,86,1.177108663175878,2.137224268211575,2062589.950704408,1676064.872371731,5931862.502519102,2787346.024254282,.16306114,.55076516
MYS,87,1.062672183101055,1.950899498879607,3774210.405472541,3067308.268170941,10852554.60425607,5100594.590525182,.060786664,.54470885
MYS,88,1.062672183101055,1.950899498879606,3774210.405472541,3067308.268170941,10852554.60425607,5100594.590525182,.060786664,.54470885
MYS,90,1.481124676016836,2.239801717313791,6347.095676481953,3913.327270006776,12977.23222687747,5797.170222174651,.3928017,.66127491
MYS,91,1.481124676016836,2.239801717313791,6347.095676481953,3913.327270006777,12977.23222687747,5797.170222174651,.3928017,.66127491
MYS,92,1.481124676016836,2.239801717313791,6347.095676481953,3913.327270006777,12977.23222687746,5797.170222174651,.3928017,.66127491
MYS,93,1.481124676016836,2.239801717313791,6347.095676481953,3913.327270006777,12977.23222687747,5797.170222174651,.3928017,.66127491
MYS,94,1.472011497713306,2.072425192710433,5397.371237147312,3078.969513167338,8830.835109364998,4030.818817326116,.38662982,.71028453
MYS,95,1.472011497713306,2.072425192710433,5397.371237147312,3078.969513167338,8830.835109364996,4030.818817326116,.38662982,.71028453
MYS,96,1.472011497713306,2.072425192710433,5397.371237147313,3078.969513167338,8830.835109364998,4030.818817326116,.38662982,.71028453
MYS,97,1.009866581586338,1.581084253112442,4347.439025497432,4122.486488344633,409866.3552012166,91606.04610543991,.0098182242,.63871777
MYS,98,1,1,387.0957399999,387.0957399999,387.0957399999,387.0957399999,0,1
MYS,99,1.463110671765147,2.73077911066904,-836522.972185654,-286083.3823797564,2147.833535350402,570.5686732861849,.38056478,.53578508
PHL,1,2.123620141902212,1.763134831554723,5651585.931442647,2931430.193352526,1708126.177110459,1239148.32825747,.75312227,.83024961
PHL,2,2.468327155651413,1.728940992957013,3888426.472366079,2016276.176991262,1174419.92660793,851965.1120398691,.90354067,.70045048
PHL,3,1.786157977456122,1.734556344690335,5630444.192881742,2922438.401296476,1699041.26216775,1234591.482286948,.58006692,.97111028
PHL,5,3.365680022124051,1.713836877192012,1361866.905092489,744653.5975228339,791233.094642783,591351.1947776761,1.2136301,.50920969
PHL,6,3.365680022124051,1.713836877192011,1361866.905092489,744653.5975228339,791233.094642783,591351.1947776761,1.2136301,.50920969
PHL,7,3.365680022124051,1.713836877192011,1361866.905092489,744653.5975228339,791233.094642783,591351.1947776761,1.2136301,.50920969
PHL,8,3.365680022124051,1.713836877192012,1361866.905092489,744653.5975228339,791233.094642783,591351.1947776761,1.2136301,.50920969
PHL,9,3.365680022124051,1.713836877192012,1361866.905092489,744653.5975228339,791233.094642783,591351.1947776761,1.2136301,.50920969
PHL,10,1.519518469212843,2.296732583619624,4730828.409799127,3763671.13607094,12194762.9932913,6663036.050139776,.41839349,.66160011
PHL,11,1.519518469212843,2.296732583619624,4730828.409799127,3763671.13607094,12194762.9932913,6663036.050139776,.41839349,.66160011
PHL,12,1.519518469212843,2.296732583619624,4730828.409799127,3763671.13607094,12194762.9932913,6663036.050139776,.41839349,.66160011
PHL,13,1.474532163122145,2.29308145321668,530903.6720371876,371937.3778178269,1056535.544692942,520155.3107719688,.38834077,.64303523
PHL,14,1.474532163122145,2.29308145321668,530903.6720371876,371937.3778178269,1056535.544692942,520155.3107719688,.38834077,.64303523
PHL,15,1.474532163122145,2.29308145321668,530903.6720371876,371937.3778178269,1056535.544692942,520155.3107719688,.38834077,.64303523
PHL,16,2.537174117773122,2.232298185844286,623843.2496851383,238571.703202717,133935.4689809913,71341.90297395944,.9310509,.87983644
PHL,17,2.21053390224375,2.321112943853664,624773.3776561728,239078.1705556339,136354.7788123396,72323.82457929388,.79323405,.9523595
PHL,18,2.21053390224375,2.321112943853664,624773.3776561728,239078.1705556339,136354.7788123396,72323.82457929388,.79323405,.9523595
PHL,19,2.519093322244516,2.405316678716263,2844550.273764667,1145330.894504679,1273555.002682981,624108.9136121434,.92389905,.95483428
PHL,20,2.563812004834674,2.459446338463029,2853849.421626172,1148906.237540291,1280560.283453862,626703.1671687204,.94149524,.95929277
PHL,21,1.633365011563975,1.902722976629593,5202672.50473064,2095113.78412311,2323669.1887921,1139701.642301311,.49064231,.85843551
PHL,22,2.085897860728372,2.55503117076289,2838726.235778354,1143142.237404276,1269553.774053187,622317.0032023079,.73519939,.81638843
PHL,23,2.319643316101546,2.233586920866084,2840627.505494871,1143892.03768305,1268305.877194653,621958.866657463,.84141344,.962901
PHL,24,2.736497833797864,2.543780395099438,509102.3831257327,160474.5054740194,46956.3334100096,17813.34791883846,1.0066789,.92957515
PHL,25,2.521209917605927,2.501689981390595,739535.5887583368,233096.781902451,68053.46622482841,25818.79732092656,.92473888,.99225771
PHL,26,2.40391622824649,2.819720500307476,6340749.640564481,2236096.574240129,3645187.079924412,1430340.876550165,.87709916,.85253704
PHL,27,2.220570361692047,2.400253056804073,11596695.96782659,4087718.173186211,6622722.087921854,2601817.901219996,.79776406,.92514008
PHL,28,1.746635636309629,2.554314371275914,6325744.252297658,2229943.978321249,3615394.875451614,1420247.797034606,.55769145,.68379825
PHL,29,1.538090580838676,2.617711087684726,317473.8489058382,180432.871680133,893064.1122495037,352257.4112414792,.43054175,.58757079
PHL,30,1.640070154543188,2.496795059554159,217956.4364606749,123841.6568186686,612657.8169444982,241642.3286167999,.49473903,.65687013
PHL,31,1.958821941044963,2.253573558796955,234659.8694063533,165523.205398754,582953.5622759904,283232.4680424234,.67234325,.86920702
PHL,32,1.958821941044963,2.253573558796955,234659.8694063533,165523.205398754,582953.5622759904,283232.4680424234,.67234325,.86920702
PHL,33,1.958821941044963,2.253573558796954,234659.8694063533,165523.205398754,582953.5622759904,283232.4680424234,.67234325,.86920702
PHL,35,2.305052832245748,1.822176056710932,1743790.653288466,830616.4868814085,948077.5369992584,546126.6095981298,.83510357,.79051381
PHL,36,2.202464619933562,1.713623829371954,1736031.669405446,827356.5901346239,944428.7751055021,544317.1344261174,.78957701,.77804828
PHL,37,2.202464619933562,1.713623829371954,1736031.669405446,827356.5901346239,944428.7751055021,544317.1344261174,.78957701,.77804828
PHL,38,2.160290388796021,1.763799580156555,1622433.954184948,776726.6834588296,950157.6134446211,535417.2078172945,.77024263,.81646413
PHL,39,2.202464619933562,1.713623829371954,1736031.669405446,827356.5901346239,944428.7751055021,544317.1344261174,.78957701,.77804828
PHL,41,1.127653492007544,2.09340961218719,2120656.852016869,1892590.779846738,4770843.470687287,2737800.28501227,.12013892,.53866833
PHL,42,1.127653492007544,2.09340961218719,2120656.852016869,1892590.779846738,4770843.470687287,2737800.28501227,.12013892,.53866833
PHL,43,1.127653492007544,2.09340961218719,2120656.852016869,1892590.779846738,4770843.470687287,2737800.28501227,.12013892,.53866833
PHL,45,2.187996163307281,1.638551013859327,3638967.604909848,1781962.916027642,1328475.145537391,1034358.481578549,.7829861,.74888206
PHL,46,2.187996163307282,1.638551013859327,3638967.604909848,1781962.916027643,1328475.145537391,1034358.481578549,.7829861,.74888206
PHL,47,2.187996163307281,1.638551013859327,3638967.604909848,1781962.916027643,1328475.145537391,1034358.481578549,.7829861,.74888206
PHL,49,1.964596529718324,1.923882210948486,1630664.849674174,834397.7750382453,2042013.819345252,1005208.970868814,.67528689,.979276
PHL,50,2.284700314684523,2.107344754355229,1620232.544504617,828984.1493156501,2032172.77852642,1000082.989801396,.82623488,.92237252
PHL,51,1.64024958341426,2.428912847088737,1621660.688195354,830129.4436824786,2041226.995698239,1003464.706090335,.49484843,.67530197
PHL,52,2.716558656122225,1.892975178026692,1625903.449279646,830913.1275828283,2032287.188427651,1000211.818474958,.99936587,.69682837
PHL,53,1.841297330226567,1.788438643933375,2968379.05540051,1518987.53917127,3724091.956611343,1832799.586675747,.61047041,.97129267
PHL,55,1.273307380864812,2.044425998495943,897259.0132201291,605725.4491478729,1245179.095621526,739988.130499445,.24161775,.62281901
PHL,56,1.39879564180835,2.161856103383469,1638704.430962728,1104893.802275334,2265310.266650406,1347443.955409223,.33561161,.64703459
PHL,58,1.85027163540014,1.910221426523272,1650.760761057232,894.7214104186176,1797.446655100916,940.0506934046296,.61533248,.96861631
PHL,59,1.85027163540014,1.910221426523272,1650.760761057232,894.7214104186176,1797.446655100916,940.0506934046296,.61533248,.96861631
PHL,60,1.85027163540014,1.910221426523272,1650.760761057232,894.7214104186176,1797.446655100916,940.0506934046298,.61533248,.96861631
PHL,61,1.8728124166993,1.733491447454127,1011202.47514318,464494.6575107938,338745.8616574804,251074.0802031832,.62744129,.92560869
PHL,62,2.000457462364191,1.700881900250951,697176.6210508608,320205.7727169428,233689.7312749537,173105.5253114844,.69337589,.85024649
PHL,63,2.000457462364191,1.700881900250951,697176.6210508608,320205.7727169428,233689.7312749537,173105.5253114844,.69337589,.85024649
PHL,64,1.841636107320614,1.454162641943936,10243921.36617847,5204838.365662427,4474177.168938454,3371971.710777131,.61065435,.78960365
PHL,65,1.876327071422822,1.408202614816508,18740630.43984115,9520021.634243993,8175345.620021977,6163852.402570429,.62931615,.75051022
PHL,66,1.876327071422822,1.408202614816508,18740630.43984115,9520021.634243993,8175345.620021977,6163852.402570429,.62931615,.75051022
PHL,68,2.089735063803264,1.333320677987733,39460.43423194943,19098.3757958134,14696.75744817118,11171.16447153579,.7370373,.63803333
PHL,69,2.77448920858108,1.74230105861593,41202.79890438261,14405.31495528071,7226.60880018466,4166.758322656593,1.0204667,.62797183
PHL,70,2.77448920858108,1.74230105861593,41202.79890438261,14405.31495528071,7226.60880018466,4166.758322656593,1.0204667,.62797183
PHL,71,2.77448920858108,1.74230105861593,41202.79890438261,14405.3149552807,7226.60880018466,4166.758322656593,1.0204667,.62797183
PHL,72,2.77448920858108,1.74230105861593,41202.79890438261,14405.3149552807,7226.60880018466,4166.758322656593,1.0204667,.62797183
PHL,73,2.77448920858108,1.74230105861593,41202.79890438261,14405.3149552807,7226.60880018466,4166.758322656593,1.0204667,.62797183
PHL,74,2.77448920858108,1.74230105861593,41202.79890438261,14405.31495528071,7226.60880018466,4166.758322656593,1.0204667,.62797183
PHL,75,2.77448920858108,1.74230105861593,41202.79890438261,14405.3149552807,7226.60880018466,4166.758322656593,1.0204667,.62797183
PHL,77,2.779635153010662,1.583821061842066,36851.13670629244,13267.32026316596,4129.49345986076,2609.790970121444,1.0223197,.5697946
PHL,78,2.779635153010662,1.583821061842066,36851.13670629244,13267.32026316596,4129.49345986076,2609.790970121444,1.0223197,.5697946
PHL,79,2.779635153010662,1.583821061842066,36851.13670629244,13267.32026316596,4129.49345986076,2609.790970121444,1.0223197,.5697946
PHL,80,2.779635153010662,1.583821061842066,36851.13670629244,13267.32026316596,4129.49345986076,2609.790970121444,1.0223197,.5697946
PHL,81,2.779635153010662,1.583821061842066,36851.13670629244,13267.32026316596,4129.49345986076,2609.790970121444,1.0223197,.5697946
PHL,82,2.779635153010662,1.583821061842066,36851.13670629244,13267.32026316596,4129.49345986076,2609.790970121444,1.0223197,.5697946
PHL,84,1.488255090881356,1.991999706953566,16160.58659581278,12541.44335539795,35947.662318642,17980.87206883547,.39760435,.74711615
PHL,85,1.272405390796995,1.360524047034108,2175664.533972778,1360555.16895298,2103214.435697936,1335125.013410594,.24090911,.9352318
PHL,86,1.163800314296369,1.688960164159825,2167175.777181328,1354180.587243043,2100265.515630506,1330645.992527246,.15169078,.68906319
PHL,87,1.187582328385738,1.489277061264377,3968051.667865835,2478168.056423995,3834772.823706821,2431369.952762226,.17191958,.79742205
PHL,88,1.187582328385738,1.489277061264376,3968051.667865835,2478168.056423995,3834772.823706821,2431369.952762226,.17191958,.79742205
PHL,90,1.313327364192307,1.881410209092117,7779.662633381234,5832.408997209066,15921.66811359291,8386.911940923288,.27256387,.69805479
PHL,91,1.313327364192307,1.881410209092118,7779.662633381233,5832.408997209068,15921.66811359291,8386.911940923288,.27256387,.69805479
PHL,92,1.313327364192307,1.881410209092118,7779.662633381234,5832.408997209066,15921.66811359291,8386.91194092329,.27256387,.69805479
PHL,93,1.313327364192307,1.881410209092118,7779.662633381234,5832.408997209066,15921.66811359291,8386.911940923288,.27256387,.69805479
PHL,94,1.349961033228266,1.80941384298979,7874.244875994016,5785.837373435522,14640.54517979844,7876.480078773372,.30007574,.74607646
PHL,95,1.349961033228266,1.80941384298979,7874.244875994016,5785.837373435522,14640.54517979845,7876.480078773372,.30007574,.74607646
PHL,96,1.349961033228266,1.80941384298979,7874.244875994016,5785.837373435522,14640.54517979844,7876.480078773372,.30007574,.74607646
PHL,97,1.00026321862669,1.40659285166902,9574.33161459405,9571.81213534885,18058.45132924683,12838.43530686175,.00026318399,.7111249
PHL,98,,,0,0,0,0,,
PHL,99,2.46143940278347,2.071338472222945,2357285.848996472,2355224.354587752,4442875.012703943,3158476.716505919,.90074629,.84151512
THA,1,2.623709898287604,2.053674796000018,9191736.918148054,3115721.297989599,1528480.518807093,788239.1542647996,.9645893,.78273702
THA,2,2.651102073473708,2.05101884742196,6319603.026089068,2142162.765375328,1050963.989728439,541979.6902899652,.97497541,.77364761
THA,3,2.466560484079694,2.007625334418564,9158029.720866613,3102401.206446006,1511535.63025602,780919.1578620094,.90282464,.81393719
THA,5,3.879336449706075,2.500950416333608,5808080.54446,1582036.63298586,440614.4502691246,201012.8207129625,1.3556641,.64468509
THA,6,3.879336449706075,2.500950416333608,5808080.54446,1582036.63298586,440614.4502691246,201012.8207129625,1.3556641,.64468509
THA,7,3.879336449706076,2.500950416333608,5808080.54446,1582036.63298586,440614.4502691246,201012.8207129625,1.3556641,.64468509
THA,8,3.879336449706076,2.500950416333608,5808080.54446,1582036.63298586,440614.4502691246,201012.8207129625,1.3556641,.64468509
THA,9,3.879336449706075,2.500950416333608,5808080.54446,1582036.63298586,440614.4502691246,201012.8207129625,1.3556641,.64468509
THA,10,1.856883621458091,2.780901365035959,4369271.910901621,2048562.082722506,14136921.84022479,4868493.101053018,.61889958,.66772723
THA,11,1.856883621458091,2.780901365035959,4369271.910901621,2048562.082722506,14136921.84022479,4868493.101053018,.61889958,.66772723
THA,12,1.856883621458091,2.780901365035959,4369271.910901621,2048562.082722506,14136921.84022479,4868493.101053018,.61889958,.66772723
THA,13,2.115784945308995,2.652386287225393,2899352.875806924,1446087.090661786,5943560.213390106,2219896.384532059,.74942589,.79769111
THA,14,2.115784945308995,2.652386287225393,2899352.875806924,1446087.090661786,5943560.213390106,2219896.384532059,.74942589,.79769111
THA,15,2.115784945308995,2.652386287225393,2899352.875806924,1446087.090661786,5943560.213390106,2219896.384532059,.74942589,.79769111
THA,16,2.676988991950762,2.45793105072492,2238689.510827651,681604.8480616614,732327.1710475837,284540.3777982639,.98469263,.91817003
THA,17,3.048187205189056,2.304987799779994,2245301.59633077,683533.6873896943,731879.9444662664,284359.3382405211,1.114547,.75618315
THA,18,3.048187205189056,2.304987799779994,2245301.59633077,683533.6873896943,731879.9444662664,284359.3382405211,1.114547,.75618315
THA,19,3.11855314276586,2.856084069574588,12014321.12114936,3628578.826161704,3069979.089474536,1196306.276538004,1.1373692,.91583627
THA,20,3.391181352018857,2.828320899377165,12012850.43191302,3627475.716647099,3053631.441327112,1190607.61720537,1.2211783,.83402228
THA,21,1.751051241104352,2.352691048599225,21979078.0828353,6637825.471314504,5587595.279129549,2179203.889057726,.56021631,.74427587
THA,22,2.878380299015296,2.566158769836164,12012554.53897,3628745.55317302,3057057.196018443,1192185.248540033,1.0572277,.89152873
THA,23,2.614465618604046,2.869401085858823,11996046.97429808,3623356.890355662,3053040.502418926,1190220.123228488,.96105975,.91115379
THA,24,3.339905281128518,3.124280233964861,2181159.696044524,633043.5723008403,586872.9659269054,201166.7934867722,1.2059424,.93543977
THA,25,3.01345409753654,3.116164665892589,3173353.452934075,921421.6500574783,856556.6313655158,293719.09231233,1.1030869,.96703941
THA,26,2.174868575753677,2.825745573831995,6865603.0499926,2624325.338175439,18086559.71982734,5346609.202244452,.77696824,.76966184
THA,27,2.12638204676403,2.850648463363865,12572308.5041712,4804543.920296184,33133310.4335597,9792502.257324371,.75442195,.74592924
THA,28,2.136640066042035,2.926600895679448,6859690.940967885,2621753.555182504,18079584.41337121,5343764.342634338,.75923455,.73007566
THA,29,1.622571616079524,2.946396146908914,1131500.993175396,509529.3347699489,7582191.304916319,1987820.35676356,.48401231,.55069703
THA,30,1.733043249222572,2.843755393400803,774606.3358298882,347864.4595201385,5192004.950727949,1359386.998921987,.54987895,.60942066
THA,31,1.849913163301353,2.75494159323955,1376499.230489255,741460.1751429708,4661442.658892264,1538034.680496702,.61513871,.67148906
THA,32,1.849913163301353,2.75494159323955,1376499.230489255,741460.1751429708,4661442.658892264,1538034.680496702,.61513871,.67148906
THA,33,1.849913163301353,2.75494159323955,1376499.230489255,741460.1751429708,4661442.658892264,1538034.680496702,.61513871,.67148906
THA,35,2.953842003753603,2.32645671406417,5347249.394820192,1584105.788907676,1775326.719837344,705436.1117367935,1.0831068,.78760362
THA,36,2.784539520071418,2.233133930605437,5334468.738398211,1579667.919585343,1769354.615993005,702835.0506930328,1.0240825,.80197603
THA,37,2.784539520071418,2.233133930605436,5334468.738398211,1579667.919585343,1769354.615993005,702835.0506930328,1.0240825,.80197603
THA,38,2.779744602116838,2.282444024539388,6376218.131457393,1993055.761476466,3247571.861552903,1219751.082853408,1.022359,.82109845
THA,39,2.784539520071418,2.233133930605436,5334468.738398211,1579667.919585343,1769354.615993005,702835.0506930328,1.0240825,.80197603
THA,41,1.236799247677832,2.80568978163196,1309223.468007479,1226170.035345633,10673597.01485278,3874170.642419171,.21252678,.44081825
THA,42,1.236799247677832,2.80568978163196,1309223.468007479,1226170.035345633,10673597.01485278,3874170.642419171,.21252678,.44081825
THA,43,1.236799247677832,2.80568978163196,1309223.468007479,1226170.035345633,10673597.01485278,3874170.642419171,.21252678,.44081825
THA,45,2.390169930616858,2.111229107396831,10960451.89897117,4677999.149262434,4393284.165442618,2768270.140175991,.87136447,.88329667
THA,46,2.390169930616858,2.111229107396831,10960451.89897117,4677999.149262434,4393284.165442618,2768270.140175991,.87136447,.88329667
THA,47,2.390169930616858,2.111229107396831,10960451.89897117,4677999.149262434,4393284.165442619,2768270.140175991,.87136447,.88329667
THA,49,2.215723055675952,2.3561181985393,5851313.676600208,2253571.948882404,5557713.535434466,2101417.81799027,.79557878,.94041252
THA,50,2.213635757258801,2.797391692373229,5838107.852568849,2247473.547065203,5549077.152750709,2096874.157454611,.79463631,.79132134
THA,51,2.651466842847017,2.855929352140378,5840166.078121663,2247904.771350345,5549211.147144199,2096828.342470875,.97511303,.92840773
THA,52,3.15406984455858,2.271331759050881,5843530.366457742,2248280.178995095,5538704.078921285,2093248.308427833,1.1486937,.72012728
THA,53,2.819890956232948,2.168055651049739,10694383.15318273,4116058.084803503,10151456.58759217,3836372.135832742,1.0366982,.76884377
THA,55,1.537586975448902,2.308844549560725,2224450.355145063,1345313.722670656,7165748.904718882,2744970.506070718,.43021429,.66595519
THA,56,1.493554894394722,2.403778577958918,4046402.557358227,2446541.659373655,13072812.54180446,5003005.755330318,.40115911,.62133628
THA,58,2.295032498570708,2.247272234699242,3748.023318622094,1612.767351757362,3963.073838744908,1762.768192987012,.83074701,.97918969
THA,59,2.295032498570708,2.247272234699242,3748.023318622094,1612.767351757362,3963.073838744908,1762.768192987012,.83074701,.97918969
THA,60,2.295032498570708,2.247272234699242,3748.023318622094,1612.767351757362,3963.073838744908,1762.768192987012,.83074701,.97918969
THA,61,2.701376933612012,2.136575825183257,2639238.764486256,813478.3662829134,622508.8447292687,289293.5083225952,.9937616,.79092103
THA,62,2.470832621475216,2.082649997137433,1816280.681572254,560190.2434034764,429957.5831089003,199900.6940478503,.9045552,.84289402
THA,63,2.470832621475217,2.082649997137433,1816280.681572254,560190.2434034764,429957.5831089003,199900.6940478503,.9045552,.84289402
THA,64,2.775858517630362,1.793406429185914,10655210.32523309,3814134.843078705,5083419.475282772,2261669.964167153,1.0209601,.64607269
THA,65,2.770222853263935,1.958795437784432,19466257.69029036,6968057.914509893,9303775.86223538,4136466.446346657,1.0189278,.70708948
THA,66,2.770222853263935,1.958795437784431,19466257.69029036,6968057.914509893,9303775.86223538,4136466.446346657,1.0189278,.70708948
THA,68,1.562736896012301,1.616143667475215,17828.71015354424,11780.72765890633,20547.44202880475,12947.80336177698,.4464387,.96695417
THA,69,3.140496504854354,2.054937705616441,54668.26535883344,16933.09288144697,7893.464751655765,3758.307197224273,1.1443809,.65433532
THA,70,3.140496504854354,2.054937705616441,54668.26535883344,16933.09288144697,7893.464751655765,3758.307197224272,1.1443809,.65433532
THA,71,3.140496504854354,2.054937705616441,54668.26535883344,16933.09288144697,7893.464751655769,3758.307197224272,1.1443809,.65433532
THA,72,3.140496504854354,2.054937705616441,54668.26535883344,16933.09288144697,7893.464751655765,3758.307197224272,1.1443809,.65433532
THA,73,3.140496504854354,2.054937705616441,54668.26535883344,16933.09288144697,7893.464751655767,3758.307197224272,1.1443809,.65433532
THA,74,3.140496504854354,2.054937705616441,54668.26535883344,16933.09288144697,7893.464751655767,3758.307197224273,1.1443809,.65433532
THA,75,3.140496504854354,2.054937705616441,54668.26535883344,16933.09288144697,7893.464751655767,3758.307197224272,1.1443809,.65433532
THA,77,2.51119433807121,2.123659978075012,17638.18883913284,7043.067235936163,10903.18505193536,5144.649924185982,.92075849,.84567726
THA,78,2.51119433807121,2.123659978075012,17638.18883913284,7043.067235936165,10903.18505193536,5144.649924185983,.92075849,.84567726
THA,79,2.51119433807121,2.123659978075012,17638.18883913284,7043.067235936163,10903.18505193536,5144.649924185983,.92075849,.84567726
THA,80,2.51119433807121,2.123659978075012,17638.18883913284,7043.067235936165,10903.18505193536,5144.649924185981,.92075849,.84567726
THA,81,2.51119433807121,2.123659978075012,17638.18883913284,7043.067235936165,10903.18505193536,5144.649924185981,.92075849,.84567726
THA,82,2.51119433807121,2.123659978075012,17638.18883913284,7043.067235936165,10903.18505193536,5144.649924185982,.92075849,.84567726
THA,84,1.033659533543497,1.715881845734677,2045842.505455443,2039856.616176888,2075166.467129481,2047430.000351045,.033105452,.60240716
THA,85,1.058264021175909,1.751963425262745,4414821.540622869,3186936.532814806,7888109.737545922,4155964.70514668,.056629851,.60404456
THA,86,1.078222162213293,1.984688347921532,4409992.006832611,3182015.501667612,7883834.127374607,4151181.902413869,.075313538,.54327029
THA,87,1.105777127132218,1.8581053884788,8074952.738677096,5824099.349764615,14416421.40915223,7593048.663200253,.10054837,.59511
THA,88,1.105777127132218,1.8581053884788,8074952.738677096,5824099.349764615,14416421.40915223,7593048.663200253,.10054837,.59511
THA,90,2.015963771123581,1.965758501754041,16644.59884944397,7399.544861657849,11195.03577988182,5914.243320272465,.70109737,.97509617
THA,91,2.015963771123581,1.965758501754041,16644.59884944398,7399.544861657849,11195.03577988182,5914.243320272466,.70109737,.97509617
THA,92,2.015963771123581,1.965758501754041,16644.59884944397,7399.544861657849,11195.03577988182,5914.243320272465,.70109737,.97509617
THA,93,2.015963771123581,1.965758501754041,16644.59884944397,7399.544861657849,11195.03577988182,5914.243320272466,.70109737,.97509617
THA,94,2.14342333753331,1.968222148721337,20058.18774171026,9057.62908211295,15110.36139169558,7763.583177415478,.76240426,.91826105
THA,95,2.14342333753331,1.968222148721337,20058.18774171026,9057.62908211295,15110.36139169558,7763.583177415478,.76240426,.91826105
THA,96,2.14342333753331,1.968222148721337,20058.18774171026,9057.62908211295,15110.36139169558,7763.583177415477,.76240426,.91826105
THA,97,1.127648169306695,1.18307344823046,49714.1449774531,28422.87223840742,69444.58885518425,33419.77268995991,.1201342,.95315146
THA,98,1,1,748.1390599998999,748.1390599998999,748.1390599998999,748.1390599998999,0,1
THA,99,1.681520971491829,1.54463901713592,479402.3482185075,178910.8644574754,1947562.831634894,555098.1373298779,.51969874,.91859633
VNM,1,2.527726216360128,2.708229298236653,1974373.995494269,1069499.622996028,2772096.504557739,1166314.668521328,.92732018,.93335015
VNM,2,2.732715125459456,2.775982950152267,1358846.248875952,735741.1965972965,1906716.860147499,802148.2731528502,1.0052956,.9844135
VNM,3,2.471862867039015,2.765253743865375,1953067.796073756,1061932.324984511,2752129.12886237,1159770.958361815,.90497208,.89390093
VNM,5,3.671444219424198,2.572077304326316,3058739.515024787,935524.7900145645,775184.1696583984,314342.5235152838,1.3005852,.70056283
VNM,6,3.671444219424198,2.572077304326317,3058739.515024787,935524.7900145645,775184.1696583984,314342.5235152838,1.3005852,.70056283
VNM,7,3.671444219424199,2.572077304326317,3058739.515024787,935524.7900145645,775184.1696583984,314342.5235152838,1.3005852,.70056283
VNM,8,3.671444219424198,2.572077304326316,3058739.515024787,935524.7900145645,775184.1696583984,314342.5235152838,1.3005852,.70056283
VNM,9,3.671444219424199,2.572077304326317,3058739.515024787,935524.7900145645,775184.1696583984,314342.5235152838,1.3005852,.70056283
VNM,10,1.844421686785084,3.158540992248456,469330.3200813415,286765.803520615,5417195.264396492,1690493.314007009,.61216581,.58394736
VNM,11,1.844421686785084,3.158540992248456,469330.3200813415,286765.803520615,5417195.264396492,1690493.314007009,.61216581,.58394736
VNM,12,1.844421686785084,3.158540992248456,469330.3200813415,286765.803520615,5417195.264396492,1690493.314007009,.61216581,.58394736
VNM,13,1.566680906230246,3.045411663765688,199579.924366568,121485.8724155555,1782703.608216704,544299.4757044207,.44895932,.51443976
VNM,14,1.566680906230245,3.045411663765689,199579.924366568,121485.8724155555,1782703.608216704,544299.4757044207,.44895932,.51443976
VNM,15,1.566680906230246,3.045411663765689,199579.924366568,121485.8724155555,1782703.608216704,544299.4757044207,.44895932,.51443976
VNM,16,2.935180522895645,3.010847270618922,184296.6217006854,77664.29265286654,336848.920284254,115249.8805042617,1.076769,.9748686
VNM,17,3.237059154772432,3.08580588278016,187273.0132052955,78446.65188553998,337154.4471614431,115337.9746699314,1.1746652,.95327449
VNM,18,3.237059154772432,3.085805882780159,187273.0132052955,78446.65188553998,337154.4471614431,115337.9746699314,1.1746652,.95327449
VNM,19,3.346304079200239,3.199828406992581,631225.9932555412,256628.1976698413,855616.3992295481,277170.8239931585,1.2078565,.9562276
VNM,20,3.336719930301854,3.116210004402478,636876.0859438189,258303.5349349994,852792.4306050445,276454.4740077504,1.2049882,.93391418
VNM,21,2.109675444203881,2.92677892238649,1147055.526335594,467972.1638572441,1561672.152104394,506379.6149759133,.74653411,.72081816
VNM,22,3.226569940018999,3.151902290551,634416.873835602,257718.4366476102,852340.6065583125,276315.2238224233,1.1714196,.9768585
VNM,23,2.504522421942743,2.79836047639728,635457.6166512939,259059.3120869607,851879.1137698009,276251.3735898314,.91809809,.89499635
VNM,24,3.191799852662748,3.326766774298406,90653.37029377028,24034.36667139426,164086.4250339061,37100.98398468074,1.1605849,.95942998
VNM,25,3.214183527707882,3.313712721076043,132211.6995604248,35185.92062791214,239448.3620226098,54257.17877653048,1.1675733,.96996444
VNM,26,2.643335280549284,3.310057901438167,239973.8951957282,89324.76167155878,1041896.479094546,257503.510728346,.97204149,.79857677
VNM,27,2.316212648296962,3.225887269869735,346129.189043512,127835.2299528629,1725893.028428455,415453.2839537339,.8399334,.71800792
VNM,28,1.917080705394833,3.185418685509603,188420.5681217591,69815.8447159685,944978.3646516707,227723.6238388393,.65080357,.60183007
VNM,29,1.777369596782558,3.235937000064674,201617.2579023175,83939.64721059389,1216840.461778602,306243.4817858972,.57513452,.54925966
VNM,30,1.732393145932891,3.20165595940922,138407.0523484244,57583.02374739226,835662.5598242715,210240.1554490056,.5495038,.54109287
VNM,31,1.987986580611976,3.012011138753589,170171.257726883,67010.74568394922,362961.9559977229,112249.0903799299,.68712234,.66001964
VNM,32,1.987986580611977,3.012011138753589,170171.257726883,67010.74568394922,362961.9559977229,112249.0903799299,.68712234,.66001964
VNM,33,1.987986580611977,3.01201113875359,170171.257726883,67010.74568394922,362961.9559977229,112249.0903799299,.68712234,.66001964
VNM,35,3.176293338990447,2.231834276882615,998277.9525924117,377021.1025123736,265076.8866415796,147418.4633841572,1.1557149,.70265371
VNM,36,2.843445479816246,2.129806300168271,986041.0265550445,373618.5722294551,262611.2033532618,146611.5325970234,1.0450165,.74902308
VNM,37,2.843445479816247,2.129806300168271,986041.0265550445,373618.5722294551,262611.2033532618,146611.5325970234,1.0450165,.74902308
VNM,38,2.832839388944231,2.154415606283493,917643.9494298593,347554.4328447977,244763.7999721777,136058.5099056173,1.0412796,.76051456
VNM,39,2.843445479816246,2.129806300168271,986041.0265550445,373618.5722294551,262611.2033532618,146611.5325970234,1.0450165,.74902308
VNM,41,1.180624731538332,3.012677491720215,647785.2658453336,643359.2709382359,6553821.810259572,2223953.060032599,.16604373,.39188555
VNM,42,1.180624731538332,3.012677491720215,647785.2658453336,643359.2709382359,6553821.810259572,2223953.060032599,.16604373,.39188555
VNM,43,1.180624731538332,3.012677491720215,647785.2658453336,643359.2709382359,6553821.810259572,2223953.060032599,.16604373,.39188555
VNM,45,2.229779056839128,1.845861468692044,1197932.373104902,548544.1877495435,555801.9393607582,325870.0523030792,.80190253,.82782257
VNM,46,2.229779056839127,1.845861468692043,1197932.373104902,548544.1877495435,555801.9393607582,325870.0523030792,.80190253,.82782257
VNM,47,2.229779056839128,1.845861468692044,1197932.373104902,548544.1877495435,555801.9393607581,325870.0523030791,.80190253,.82782257
VNM,49,2.42084064517489,2.876359806452799,598018.063024765,259452.0865649882,733717.5223723223,276350.5805614152,.88411486,.84163344
VNM,50,2.84900859514913,3.105846596007549,591590.5555343917,256638.8825331995,724975.7608522933,273223.5604977871,1.0469711,.91730499
VNM,51,2.501479406033877,3.148895648279842,590886.0116540913,256500.4967300628,726567.072685149,273696.9040279223,.91688234,.79439896
VNM,52,3.095169990721125,2.387735894077896,598944.0353556715,259455.060433264,726482.1658945248,274617.4919491586,1.1298429,.77143931
VNM,53,3.18468213095408,2.622568212685967,1081025.981685671,469228.7883314071,1324262.109293298,499420.7789636294,1.1583525,.82349449
VNM,55,1.598499613134764,2.60550129229447,479089.3443840156,358401.9112272401,898326.0849346052,476823.4058298275,.46906546,.61350942
VNM,56,1.525819252857552,2.237575321741556,869485.909492258,651829.2954390981,1609788.87061224,861994.0254785946,.42253149,.68190742
VNM,58,2.417030175829918,2.835256962826674,1765.030900716252,726.0384448251586,2625.78499308656,925.720425612488,.88253957,.85249072
VNM,59,2.417030175829918,2.835256962826674,1765.030900716252,726.0384448251586,2625.78499308656,925.720425612488,.88253957,.85249072
VNM,60,2.417030175829918,2.835256962826674,1765.030900716252,726.0384448251586,2625.78499308656,925.720425612488,.88253957,.85249072
VNM,61,1.77587512589784,2.464393992337253,331517.2888558704,140799.6162771947,109364.320496506,61782.04202977198,.57429332,.7206133
VNM,62,2.142087159850748,2.449491125710249,229126.8330116525,97209.31507939265,75586.79292745222,42639.5998832062,.76178068,.87450296
VNM,63,2.142087159850749,2.44949112571025,229126.8330116525,97209.31507939265,75586.79292745222,42639.5998832062,.76178068,.87450296
VNM,64,2.654338262759964,2.036362265015641,1430511.232166709,651896.1837845444,627250.9343743714,387270.501474807,.97619539,.76718265
VNM,65,2.648323417920648,2.414137798761058,2597100.222990438,1185431.96706804,1143632.312253316,705908.8775225658,.97392678,.9115721
VNM,66,2.648323417920648,2.414137798761058,2597100.222990438,1185431.96706804,1143632.312253316,705908.8775225658,.97392678,.9115721
VNM,68,1.802821010166746,1.828934564087656,15999.98949063139,8759.943634841731,15414.44272723281,8123.196791996338,.58935267,.98572201
VNM,69,2.533564395220733,2.299660675647997,19202.20444067356,8063.595513396693,12584.70757352345,5889.763760226964,.92962718,.90767801
VNM,70,2.533564395220733,2.299660675647997,19202.20444067356,8063.595513396693,12584.70757352345,5889.763760226964,.92962718,.90767801
VNM,71,2.533564395220733,2.299660675647997,19202.20444067356,8063.595513396691,12584.70757352346,5889.763760226964,.92962718,.90767801
VNM,72,2.533564395220733,2.299660675647997,19202.20444067356,8063.595513396693,12584.70757352345,5889.763760226964,.92962718,.90767801
VNM,73,2.533564395220733,2.299660675647997,19202.20444067356,8063.595513396693,12584.70757352345,5889.763760226964,.92962718,.90767801
VNM,74,2.533564395220733,2.299660675647997,19202.20444067356,8063.595513396693,12584.70757352345,5889.763760226964,.92962718,.90767801
VNM,75,2.533564395220733,2.299660675647997,19202.20444067356,8063.595513396693,12584.70757352345,5889.763760226964,.92962718,.90767801
VNM,77,2.726518920326984,2.781715287361072,3922.602879211342,1436.418174926732,3118.844735660388,1120.251395507291,1.0030257,.98015743
VNM,78,2.726518920326984,2.781715287361072,3922.602879211342,1436.418174926732,3118.844735660387,1120.251395507291,1.0030257,.98015743
VNM,79,2.726518920326984,2.781715287361072,3922.602879211342,1436.418174926732,3118.844735660388,1120.251395507291,1.0030257,.98015743
VNM,80,2.726518920326984,2.781715287361072,3922.602879211342,1436.418174926732,3118.844735660388,1120.251395507291,1.0030257,.98015743
VNM,81,2.726518920326984,2.781715287361072,3922.602879211342,1436.418174926732,3118.844735660388,1120.251395507291,1.0030257,.98015743
VNM,82,2.726518920326984,2.781715287361072,3922.602879211342,1436.418174926732,3118.844735660388,1120.251395507291,1.0030257,.98015743
VNM,84,1.0202126906336,2.035736656668299,468835.7727067819,467881.2519288656,1145133.294014292,678301.0330959647,.020011125,.50115162
VNM,85,1.065110091835535,1.722634386739479,781052.5470829468,708411.3578652382,1666484.107850209,958197.8844964757,.063078165,.61830306
VNM,86,1.029930140547894,2.346786273185817,775743.6434654797,703565.4454667293,1665205.401618008,954292.24508012,.029490976,.43886831
VNM,87,1.030649686767532,2.181469309953685,1417271.93501956,1285082.197928351,3027820.286019515,1739513.896406546,.030189367,.47245666
VNM,88,1.030649686767532,2.181469309953685,1417271.93501956,1285082.197928351,3027820.286019515,1739513.896406546,.030189367,.47245666
VNM,90,1.381638605328854,2.275199664289203,5385.785426939467,3731.09581765129,12140.56774529156,5455.07383779359,.3232702,.60726041
VNM,91,1.381638605328854,2.275199664289203,5385.785426939466,3731.09581765129,12140.56774529156,5455.07383779359,.3232702,.60726041
VNM,92,1.381638605328854,2.275199664289203,5385.785426939467,3731.09581765129,12140.56774529156,5455.07383779359,.3232702,.60726041
VNM,93,1.381638605328854,2.275199664289203,5385.785426939467,3731.09581765129,12140.56774529156,5455.07383779359,.3232702,.60726041
VNM,94,1.499345157862741,2.232985657249298,5023.372731580645,3300.382198250289,9195.529238923231,4352.791217432345,.40502846,.67145312
VNM,95,1.499345157862741,2.232985657249298,5023.372731580645,3300.382198250289,9195.529238923231,4352.791217432345,.40502846,.67145312
VNM,96,1.499345157862741,2.232985657249298,5023.372731580645,3300.382198250289,9195.529238923231,4352.791217432345,.40502846,.67145312
VNM,97,1.000113649408912,1.134800954378587,1350.049433670132,1349.334613076263,3006.63315642655,1796.834905442335,.00011364295,.88131195
VNM,98,1,1,361.2616999999,361.2616999999,361.2616999999,361.2616999999,0,1
VNM,99,1.267797059291458,1.436189159142423,258460.7457170044,258187.3318079695,666405.5415841652,368397.6249020784,.2372808,.88275075
